"Dist Code","Year","State Code","State Name","Dist Name","TOTAL AREA (1000 ha)","FOREST AREA (1000 ha)","BARREN AND UNCULTIVABLE LAND AREA (1000 ha)","LAND PUT TO NONAGRICULTURAL USE AREA (1000 ha)","CULTIVABLE WASTE LAND AREA (1000 ha)","PERMANENT PASTURES AREA (1000 ha)","OTHER FALLOW AREA (1000 ha)","CURRENT FALLOW AREA (1000 ha)","NET CROPPED AREA (1000 ha)","GROSS CROPPED AREA (1000 ha)","CROPING INTENSITY (Percent)"
"65","2000","5","Karnataka","Kolar","780.0","70.0","63.0","74.0","13.0","99.0","9.0","75.0","363.0","397.0","109.4"
"65","2001","5","Karnataka","Kolar","779.47","70.32","63.17","73.94","12.54","98.93","9.4","87.12","350.56","372.03","106.1"
"65","2002","5","Karnataka","Kolar","779.47","70.32","63.17","73.95","12.54","98.93","11.78","170.64","264.64","270.93","102.4"
"65","2003","5","Karnataka","Kolar","779.47","70.32","63.17","73.95","12.54","98.93","11.89","80.33","354.84","362.48","102.2"
"65","2004","5","Karnataka","Kolar","779.47","70.32","63.17","73.95","12.54","98.93","9.93","75.8","361.33","373.88","103.5"
"65","2005","5","Karnataka","Kolar","779.47","70.32","63.17","74.61","12.54","98.93","19.91","78.1","348.39","363.23","104.3"
"65","2006","5","Karnataka","Kolar","779.47","70.32","63.17","77.61","12.54","98.93","21.52","134.65","287.24","295.4","102.8"
"65","2007","5","Karnataka","Kolar","374.97","20.62","28.87","45.68","6.4","39.42","12.81","41.3","172.86","179.36","103.8"
"65","2008","5","Karnataka","Kolar","374.97","20.62","28.87","45.68","6.4","39.42","12.81","34.57","179.59","187.54","104.4"
"65","2009","5","Karnataka","Kolar","374.97","20.62","28.87","45.68","6.4","39.42","12.81","49.76","164.4","173.07","105.3"
"65","2010","5","Karnataka","Kolar","374.97","20.62","28.87","45.68","6.4","39.42","8.68","31.82","186.47","203.28","109.0"
"65","2011","5","Karnataka","Kolar","374.97","20.62","28.87","45.68","6.4","39.42","10.31","33.45","183.21","194.23","106.0"
"65","2012","5","Karnataka","Kolar","374.97","20.62","28.87","45.68","6.4","39.42","11.55","37.65","177.78","187.83","105.7"
"65","2013","5","Karnataka","Kolar","374.97","20.62","28.87","45.68","6.4","39.42","12.55","43.84","170.59","179.83","105.4"
"65","2014","5","Karnataka","Kolar","374.97","20.62","28.87","45.68","6.4","39.42","12.55","46.76","167.67","176.79","105.4"
"65","2015","5","Karnataka","Kolar","374.97","20.62","28.87","45.68","6.4","39.42","12.55","51.64","162.79","171.17","105.1"
"65","2016","5","Karnataka","Kolar","374.97","20.62","28.87","45.88","6.4","39.42","6.24","54.02","166.52","177.06","106.3"
"65","2017","5","Karnataka","Kolar","374.97","20.62","28.87","46.57","6.4","39.42","6.44","54.06","165.59","173.39","104.7"
"66","2000","5","Karnataka","Tumkur","1065.0","45.0","68.0","83.0","63.0","86.0","36.0","61.0","603.0","661.0","109.6"
"66","2001","5","Karnataka","Tumkur","1064.76","45.18","67.54","83.6","62.64","84.92","39.9","86.1","574.74","627.22","109.1"
"66","2002","5","Karnataka","Tumkur","1064.76","45.18","67.54","83.66","62.64","81.89","50.96","115.14","537.61","572.32","106.5"
"66","2003","5","Karnataka","Tumkur","1064.76","45.18","67.54","83.76","62.64","79.84","38.13","102.25","565.27","598.94","106.0"
"66","2004","5","Karnataka","Tumkur","1064.76","45.18","67.54","83.87","62.64","79.46","36.86","86.39","582.69","621.1","106.6"
"66","2005","5","Karnataka","Tumkur","1064.76","45.18","67.54","83.99","62.64","76.54","34.19","54.88","619.65","660.42","106.6"
"66","2006","5","Karnataka","Tumkur","1064.76","45.18","67.54","84.2","62.64","76.45","34.17","165.52","508.03","539.54","106.2"
"66","2007","5","Karnataka","Tumkur","1064.76","45.18","67.54","84.24","62.64","76.45","30.09","69.38","608.19","664.31","109.2"
"66","2008","5","Karnataka","Tumkur","1064.76","45.18","67.54","84.28","62.64","76.45","28.86","63.7","615.07","684.42","111.3"
"66","2009","5","Karnataka","Tumkur","1064.76","45.18","67.54","84.44","62.64","76.45","31.26","112.79","563.42","624.38","110.8"
"66","2010","5","Karnataka","Tumkur","1064.76","45.18","67.54","84.5","62.64","76.45","31.54","116.91","558.95","631.74","113.0"
"66","2011","5","Karnataka","Tumkur","1064.76","45.18","67.54","84.96","62.64","76.45","29.68","167.73","509.54","575.96","113.0"
"66","2012","5","Karnataka","Tumkur","1064.76","45.18","67.54","85.28","62.64","76.45","24.34","192.39","489.9","556.95","113.7"
"66","2013","5","Karnataka","Tumkur","1064.76","45.18","67.54","85.38","62.64","76.45","23.87","205.59","477.07","543.43","113.9"
"66","2014","5","Karnataka","Tumkur","1064.76","45.18","67.54","85.47","62.64","76.45","23.69","162.55","520.2","599.56","115.3"
"66","2015","5","Karnataka","Tumkur","1064.76","45.18","67.54","89.94","62.64","76.45","23.73","192.48","485.76","558.13","114.9"
"66","2016","5","Karnataka","Tumkur","1064.76","45.18","67.54","90.06","62.64","76.45","23.71","209.82","468.32","538.52","115.0"
"66","2017","5","Karnataka","Tumkur","1064.76","45.18","67.54","90.11","62.64","76.45","23.61","211.4","466.79","541.66","116.0"
"67","2000","5","Karnataka","Mysore","676.0","63.0","46.0","67.0","21.0","56.0","9.0","21.0","387.0","466.0","120.4"
"67","2001","5","Karnataka","Mysore","676.38","62.85","45.81","66.93","21.46","55.26","10.32","15.95","390.94","494.75","126.6"
"67","2002","5","Karnataka","Mysore","676.38","62.85","45.81","66.93","21.46","55.26","57.26","17.2","342.74","443.82","129.5"
"67","2003","5","Karnataka","Mysore","676.38","62.85","45.81","66.93","21.46","55.26","58.63","34.23","324.8","448.27","138.0"
"67","2004","5","Karnataka","Mysore","676.38","62.85","45.81","66.93","21.46","55.26","57.36","17.45","342.85","555.15","161.9"
"67","2005","5","Karnataka","Mysore","676.38","62.85","45.81","67.01","21.46","55.26","36.67","35.82","345.09","569.78","165.1"
"67","2006","5","Karnataka","Mysore","676.38","62.85","45.81","67.03","21.46","55.26","35.82","35.02","346.5","555.84","160.4"
"67","2007","5","Karnataka","Mysore","676.38","62.85","45.81","67.03","21.46","55.26","40.08","35.72","341.31","579.74","169.9"
"67","2008","5","Karnataka","Mysore","676.38","62.85","45.81","67.03","21.46","55.26","41.86","37.05","338.19","523.52","154.8"
"67","2009","5","Karnataka","Mysore","676.38","62.85","45.81","74.71","21.43","47.09","34.85","31.96","351.82","556.72","158.2"
"67","2010","5","Karnataka","Mysore","676.38","62.85","45.02","75.76","21.41","46.81","37.62","43.09","337.97","548.61","162.3"
"67","2011","5","Karnataka","Mysore","676.38","62.85","45.02","75.95","21.41","46.81","34.46","39.12","344.91","536.32","155.5"
"67","2012","5","Karnataka","Mysore","676.38","62.85","45.02","75.95","20.67","46.81","41.06","44.28","333.88","479.22","143.5"
"67","2013","5","Karnataka","Mysore","676.38","62.85","45.02","75.95","20.67","44.81","33.13","21.65","367.44","522.49","142.2"
"67","2014","5","Karnataka","Mysore","676.38","62.85","45.02","75.21","21.41","46.81","24.06","22.85","372.31","486.52","130.7"
"67","2015","5","Karnataka","Mysore","676.38","62.85","45.02","75.21","21.41","46.81","23.52","22.62","373.09","490.61","131.5"
"67","2016","5","Karnataka","Mysore","676.38","62.85","45.02","75.28","21.41","46.81","48.06","76.09","295.0","368.52","124.9"
"67","2017","5","Karnataka","Mysore","676.38","62.85","45.02","75.28","21.41","46.81","20.5","25.11","373.55","487.06","130.4"
"68","2000","5","Karnataka","Mandya","498.0","25.0","22.0","61.0","42.0","38.0","21.0","39.0","247.0","284.0","115.0"
"68","2001","5","Karnataka","Mandya","498.24","24.77","21.55","60.82","41.96","38.19","23.01","37.71","247.08","286.36","115.9"
"68","2002","5","Karnataka","Mandya","498.24","24.77","21.54","60.83","41.96","38.18","22.82","103.59","181.41","215.79","119.0"
"68","2003","5","Karnataka","Mandya","498.24","24.77","21.53","60.84","41.96","38.19","21.12","76.65","210.02","247.16","117.7"
"68","2004","5","Karnataka","Mandya","498.24","24.77","21.53","60.89","41.96","38.19","18.93","37.81","250.99","302.02","120.3"
"68","2005","5","Karnataka","Mandya","498.24","24.77","21.52","60.91","41.96","38.05","34.38","42.15","231.2","281.27","121.7"
"68","2006","5","Karnataka","Mandya","498.24","24.77","21.52","60.91","41.96","38.05","35.87","46.75","225.05","262.93","116.8"
"68","2007","5","Karnataka","Mandya","498.24","24.77","21.52","60.91","41.96","38.05","43.0","30.72","233.95","283.93","121.4"
"68","2008","5","Karnataka","Mandya","498.24","24.77","21.52","60.91","41.96","32.05","37.92","22.42","253.32","303.57","119.8"
"68","2009","5","Karnataka","Mandya","498.24","24.77","21.52","60.91","41.96","32.05","37.92","25.54","250.21","289.32","115.6"
"68","2010","5","Karnataka","Mandya","498.24","24.77","21.52","60.91","41.96","32.05","36.03","24.94","252.7","300.21","118.8"
"68","2011","5","Karnataka","Mandya","498.24","24.77","21.52","60.91","41.96","32.05","46.35","34.87","232.4","272.52","117.3"
"68","2012","5","Karnataka","Mandya","498.24","24.77","21.52","60.91","41.96","32.05","53.63","63.06","196.93","242.37","123.1"
"68","2013","5","Karnataka","Mandya","498.24","24.77","21.52","60.91","41.96","32.05","58.16","66.37","189.09","239.48","126.7"
"68","2014","5","Karnataka","Mandya","498.24","24.77","21.52","63.49","41.96","32.05","38.55","52.28","220.01","272.2","123.7"
"68","2015","5","Karnataka","Mandya","498.24","24.77","21.52","63.49","41.96","32.05","46.42","54.86","209.56","259.7","123.9"
"68","2016","5","Karnataka","Mandya","498.24","24.77","21.52","63.49","41.96","32.05","61.23","87.78","161.82","200.14","123.7"
"68","2017","5","Karnataka","Mandya","498.24","24.77","21.52","64.76","41.96","32.05","46.22","66.91","196.43","256.66","130.7"
"69","2000","5","Karnataka","Hassan","663.0","58.0","30.0","78.0","18.0","33.0","24.0","36.0","379.0","434.0","114.5"
"69","2001","5","Karnataka","Hassan","662.6","58.16","30.36","77.99","16.12","33.36","26.37","43.5","370.44","414.02","111.8"
"69","2002","5","Karnataka","Hassan","662.6","58.16","30.36","78.12","14.49","32.27","23.28","34.33","385.27","457.27","118.7"
"69","2003","5","Karnataka","Hassan","662.6","58.78","30.37","78.24","14.32","32.94","24.6","42.75","373.66","441.14","118.1"
"69","2004","5","Karnataka","Hassan","662.6","58.78","30.37","78.36","13.52","32.94","21.81","26.39","393.48","459.73","116.8"
"69","2005","5","Karnataka","Hassan","662.6","58.78","30.37","78.4","14.14","32.94","21.81","22.72","396.49","479.82","121.0"
"69","2006","5","Karnataka","Hassan","662.6","58.78","30.37","78.61","14.14","32.94","28.15","26.86","385.8","453.34","117.5"
"69","2007","5","Karnataka","Hassan","662.6","58.78","30.37","78.68","14.14","32.94","36.3","34.78","369.66","440.72","119.2"
"69","2008","5","Karnataka","Hassan","662.6","58.78","30.37","78.75","14.14","32.94","38.26","44.62","357.78","448.17","125.3"
"69","2009","5","Karnataka","Hassan","662.6","58.78","30.37","78.81","14.14","32.94","36.82","49.19","354.59","453.67","127.9"
"69","2010","5","Karnataka","Hassan","662.6","58.78","30.37","78.88","14.14","32.94","26.69","16.69","397.16","505.43","127.3"
"69","2011","5","Karnataka","Hassan","662.6","58.78","30.37","79.41","14.14","32.94","30.69","50.13","359.19","449.24","125.1"
"69","2012","5","Karnataka","Hassan","662.6","58.78","30.37","79.77","14.14","32.94","30.67","49.76","359.22","434.25","120.9"
"69","2013","5","Karnataka","Hassan","662.6","58.78","30.37","79.8","14.14","32.94","22.8","48.45","368.36","428.13","116.2"
"69","2014","5","Karnataka","Hassan","662.6","58.78","30.37","79.84","14.14","32.94","24.15","47.47","367.95","449.35","122.1"
"69","2015","5","Karnataka","Hassan","662.6","58.78","30.37","79.86","14.14","32.94","44.33","50.9","344.33","417.58","121.3"
"69","2016","5","Karnataka","Hassan","662.6","58.78","30.37","79.95","14.14","32.94","54.69","72.98","311.8","364.07","116.8"
"69","2017","5","Karnataka","Hassan","662.6","58.78","30.37","80.51","14.14","32.94","47.79","45.76","345.36","421.06","121.9"
"70","2000","5","Karnataka","Shimoge","848.0","277.0","13.0","88.0","17.0","166.0","32.0","10.0","217.0","252.0","116.1"
"70","2001","5","Karnataka","Shimoge","847.78","276.86","13.37","88.21","17.14","165.83","32.73","13.45","213.1","241.23","113.2"
"70","2002","5","Karnataka","Shimoge","847.78","276.86","13.37","88.23","17.11","165.54","31.95","9.82","217.81","237.51","109.0"
"70","2003","5","Karnataka","Shimoge","847.78","276.86","13.31","88.45","16.77","163.66","34.12","11.77","215.95","240.32","111.3"
"70","2004","5","Karnataka","Shimoge","847.78","276.86","13.31","88.45","16.47","163.46","33.76","10.54","218.04","247.75","113.6"
"70","2005","5","Karnataka","Shimoge","847.78","276.86","13.31","88.45","16.47","163.46","30.52","7.99","223.87","258.19","115.3"
"70","2006","5","Karnataka","Shimoge","847.78","276.86","13.31","88.45","16.31","163.46","30.2","8.64","223.7","259.91","116.2"
"70","2007","5","Karnataka","Shimoge","847.78","276.86","13.31","88.45","16.31","163.46","30.34","11.3","220.89","256.16","116.0"
"70","2008","5","Karnataka","Shimoge","847.78","276.86","13.31","88.45","16.31","163.46","31.71","12.73","218.08","255.85","117.3"
"70","2009","5","Karnataka","Shimoge","847.78","276.86","13.31","88.71","16.31","163.46","29.16","11.47","221.64","262.92","118.6"
"70","2010","5","Karnataka","Shimoge","847.78","276.86","13.31","88.71","16.31","163.46","25.26","10.16","226.85","267.22","117.8"
"70","2011","5","Karnataka","Shimoge","847.78","276.86","13.31","88.71","16.31","163.46","25.49","8.81","227.97","267.81","117.5"
"70","2012","5","Karnataka","Shimoge","847.78","276.86","13.31","88.71","16.31","163.46","23.67","8.38","230.21","268.6","116.7"
"70","2013","5","Karnataka","Shimoge","847.78","276.86","13.31","88.71","16.31","163.46","23.13","9.17","229.96","265.68","115.5"
"70","2014","5","Karnataka","Shimoge","847.78","276.86","13.31","88.71","16.31","163.46","24.84","9.02","228.41","263.92","115.5"
"70","2015","5","Karnataka","Shimoge","847.78","276.86","13.31","88.71","16.31","163.46","29.37","9.63","223.27","250.98","112.4"
"70","2016","5","Karnataka","Shimoge","847.78","276.86","13.31","88.71","16.31","163.46","24.62","9.94","227.71","246.18","108.1"
"70","2017","5","Karnataka","Shimoge","847.78","276.86","13.31","88.71","16.31","163.46","25.56","10.5","226.21","251.28","111.1"
"71","2000","5","Karnataka","Chickmagalur","722.0","200.0","28.0","43.0","21.0","98.0","6.0","21.0","283.0","304.0","107.4"
"71","2001","5","Karnataka","Chickmagalur","722.08","200.49","28.32","42.64","21.51","97.76","6.04","21.39","282.46","304.26","107.7"
"71","2002","5","Karnataka","Chickmagalur","722.08","200.49","28.32","42.64","20.91","97.76","8.09","23.82","278.59","297.58","106.8"
"71","2003","5","Karnataka","Chickmagalur","722.08","200.49","28.32","42.64","20.87","97.76","8.72","23.02","278.8","294.88","105.8"
"71","2004","5","Karnataka","Chickmagalur","722.08","200.49","28.32","42.64","20.87","96.77","6.32","19.17","286.04","325.87","113.9"
"71","2005","5","Karnataka","Chickmagalur","722.08","200.49","28.32","42.64","19.4","93.05","5.23","12.83","298.9","343.12","114.8"
"71","2006","5","Karnataka","Chickmagalur","722.08","200.49","28.32","42.64","19.4","92.1","5.23","16.19","296.46","330.51","111.5"
"71","2007","5","Karnataka","Chickmagalur","722.08","200.49","28.32","42.64","19.4","90.19","4.8","18.24","296.75","325.27","109.6"
"71","2008","5","Karnataka","Chickmagalur","722.08","200.49","28.32","42.64","19.4","90.19","4.8","19.07","295.92","329.27","111.3"
"71","2009","5","Karnataka","Chickmagalur","722.08","200.49","28.32","43.02","19.4","88.59","4.79","19.19","297.01","329.87","111.1"
"71","2010","5","Karnataka","Chickmagalur","722.08","200.49","28.32","43.13","19.4","88.59","4.79","17.05","299.05","329.74","110.3"
"71","2011","5","Karnataka","Chickmagalur","722.08","200.49","28.32","43.19","19.41","88.59","4.79","23.04","292.99","323.64","110.5"
"71","2012","5","Karnataka","Chickmagalur","722.08","202.03","28.32","43.29","19.32","88.59","5.13","19.96","295.73","332.9","112.6"
"71","2013","5","Karnataka","Chickmagalur","722.08","202.03","28.32","43.33","19.32","88.59","6.5","12.97","301.23","348.56","115.7"
"71","2014","5","Karnataka","Chickmagalur","722.08","202.03","28.32","43.42","19.32","88.59","6.37","15.71","298.55","357.61","119.8"
"71","2015","5","Karnataka","Chickmagalur","722.08","202.03","28.32","43.58","19.32","88.59","6.37","19.37","294.72","360.97","122.5"
"71","2016","5","Karnataka","Chickmagalur","722.08","202.03","28.32","43.62","19.32","88.59","6.4","23.64","290.39","329.22","113.4"
"71","2017","5","Karnataka","Chickmagalur","722.08","202.03","28.32","43.62","19.32","88.59","14.23","23.64","282.56","337.4","119.4"
"72","2000","5","Karnataka","Chitradurga","770.0","74.0","25.0","51.0","22.0","89.0","26.0","62.0","411.0","491.0","119.5"
"72","2001","5","Karnataka","Chitradurga","770.7","73.72","25.4","51.24","21.62","88.74","26.15","49.95","422.57","489.85","115.9"
"72","2002","5","Karnataka","Chitradurga","770.7","73.72","25.4","51.24","21.62","88.74","30.18","34.66","433.83","479.87","110.6"
"72","2003","5","Karnataka","Chitradurga","770.7","73.72","25.4","51.24","21.62","88.74","37.67","60.17","400.83","469.84","117.2"
"72","2004","5","Karnataka","Chitradurga","770.7","73.72","25.4","51.24","21.62","88.74","38.89","42.45","417.33","494.72","118.5"
"72","2005","5","Karnataka","Chitradurga","770.7","73.72","25.4","51.24","21.62","88.74","41.29","40.89","416.49","512.63","123.1"
"72","2006","5","Karnataka","Chitradurga","770.7","73.72","25.4","51.24","21.62","88.74","39.32","93.42","365.89","459.91","125.7"
"72","2007","5","Karnataka","Chitradurga","770.7","73.72","25.4","51.24","21.62","88.74","24.46","38.77","435.44","484.55","111.3"
"72","2008","5","Karnataka","Chitradurga","770.7","73.72","25.4","51.24","21.62","88.74","24.83","43.85","429.98","481.43","112.0"
"72","2009","5","Karnataka","Chitradurga","770.7","73.72","25.4","51.24","21.62","88.74","31.9","51.69","415.08","460.01","110.8"
"72","2010","5","Karnataka","Chitradurga","770.7","73.72","25.4","51.24","21.61","88.74","24.09","41.18","433.39","523.91","120.9"
"72","2011","5","Karnataka","Chitradurga","770.7","73.72","25.4","51.24","21.61","88.74","21.8","89.77","387.1","453.48","117.1"
"72","2012","5","Karnataka","Chitradurga","770.7","73.72","25.4","51.24","21.61","88.74","22.14","86.63","389.9","453.42","116.3"
"72","2013","5","Karnataka","Chitradurga","770.7","73.72","25.4","51.24","21.61","88.74","22.34","87.52","388.81","461.27","118.6"
"72","2014","5","Karnataka","Chitradurga","770.7","73.72","25.4","51.24","21.61","88.74","22.23","81.28","395.17","500.39","126.6"
"72","2015","5","Karnataka","Chitradurga","770.7","73.72","25.4","55.45","21.61","88.74","22.34","83.34","388.79","469.92","120.9"
"72","2016","5","Karnataka","Chitradurga","770.7","73.72","25.4","55.45","21.61","88.74","23.11","77.82","393.54","467.02","118.7"
"72","2017","5","Karnataka","Chitradurga","770.7","73.72","25.4","55.45","21.61","88.74","49.23","67.88","377.36","442.89","117.4"
"73","2000","5","Karnataka","Bellary","813.0","97.0","53.0","69.0","24.0","5.0","7.0","66.0","487.0","558.0","114.6"
"73","2001","5","Karnataka","Bellary","813.2","97.02","53.48","68.6","24.84","5.47","7.03","95.29","457.91","525.41","114.7"
"73","2002","5","Karnataka","Bellary","813.2","97.02","53.48","68.6","24.84","5.47","7.58","138.35","414.29","474.54","114.5"
"73","2003","5","Karnataka","Bellary","813.2","97.02","53.48","68.6","24.84","5.47","7.58","146.0","406.64","479.72","118.0"
"73","2004","5","Karnataka","Bellary","813.2","97.02","53.48","68.6","24.84","5.47","7.58","93.39","459.25","531.82","115.8"
"73","2005","5","Karnataka","Bellary","813.2","97.02","53.48","68.6","24.84","5.47","7.58","73.45","479.19","595.69","124.3"
"73","2006","5","Karnataka","Bellary","813.2","97.02","53.48","68.62","24.84","5.47","27.81","81.8","450.56","573.27","127.2"
"73","2007","5","Karnataka","Bellary","813.2","97.02","53.48","68.62","24.84","5.47","27.81","68.3","464.06","602.44","129.8"
"73","2008","5","Karnataka","Bellary","813.2","97.02","53.48","68.62","24.84","5.47","27.81","97.44","434.92","575.79","132.4"
"73","2009","5","Karnataka","Bellary","813.2","97.02","53.48","68.66","24.84","5.47","28.83","95.23","436.07","569.65","130.6"
"73","2010","5","Karnataka","Bellary","813.2","97.02","53.48","110.29","24.84","5.47","13.37","62.94","442.18","581.87","131.6"
"73","2011","5","Karnataka","Bellary","813.2","97.02","53.48","110.29","24.84","5.47","13.37","91.05","414.07","532.02","128.5"
"73","2012","5","Karnataka","Bellary","813.2","97.02","53.48","110.29","24.84","5.47","13.79","64.84","439.87","563.9","128.2"
"73","2013","5","Karnataka","Bellary","813.2","97.02","53.48","110.29","24.84","5.47","19.99","90.48","408.03","521.2","127.7"
"73","2014","5","Karnataka","Bellary","813.2","97.02","53.48","110.29","24.84","5.47","19.99","75.39","423.11","548.82","129.7"
"73","2015","5","Karnataka","Bellary","813.2","97.02","53.48","110.29","24.84","5.47","19.99","57.84","440.67","552.22","125.3"
"73","2016","5","Karnataka","Bellary","813.2","97.02","53.48","110.29","19.86","5.47","59.99","75.35","388.14","432.32","111.4"
"73","2017","5","Karnataka","Bellary","813.2","97.02","53.48","110.29","19.86","5.47","29.73","76.65","417.1","508.29","121.9"
"74","2000","5","Karnataka","Dharwad","427.0","35.0","4.0","22.0","3.0","4.0","10.0","19.0","331.0","502.0","151.7"
"74","2001","5","Karnataka","Dharwad","427.33","35.24","3.99","21.52","2.67","3.57","8.76","20.03","331.4","480.27","144.9"
"74","2002","5","Karnataka","Dharwad","427.33","35.24","3.99","21.52","2.67","3.57","8.52","18.68","332.99","492.64","147.9"
"74","2003","5","Karnataka","Dharwad","427.33","35.24","3.99","21.52","2.67","3.57","8.19","30.05","321.95","472.53","146.8"
"74","2004","5","Karnataka","Dharwad","427.33","35.24","3.99","21.52","2.67","3.57","5.78","21.09","333.31","523.47","157.1"
"74","2005","5","Karnataka","Dharwad","427.33","35.24","3.99","21.75","2.67","3.57","6.59","27.82","325.55","508.33","156.1"
"74","2006","5","Karnataka","Dharwad","427.33","35.24","3.99","21.75","2.67","3.57","6.28","45.45","308.16","504.83","163.8"
"74","2007","5","Karnataka","Dharwad","427.33","35.24","3.99","21.75","2.67","3.57","6.82","34.63","318.49","528.52","165.9"
"74","2008","5","Karnataka","Dharwad","427.33","35.24","3.99","21.82","2.67","3.57","9.41","53.96","296.48","498.89","168.3"
"74","2009","5","Karnataka","Dharwad","427.33","35.24","3.99","22.06","2.67","3.57","6.91","19.75","332.96","553.33","166.2"
"74","2010","5","Karnataka","Dharwad","427.33","35.24","3.99","22.57","2.67","3.57","6.9","41.38","310.82","512.03","164.7"
"74","2011","5","Karnataka","Dharwad","427.33","35.24","3.99","22.98","2.67","3.57","6.62","63.43","288.64","477.03","165.3"
"74","2012","5","Karnataka","Dharwad","427.33","35.24","3.99","23.31","2.67","3.57","6.62","93.09","258.65","379.6","146.8"
"74","2013","5","Karnataka","Dharwad","427.33","35.24","3.99","23.42","2.67","3.57","6.62","62.03","289.61","465.41","160.7"
"74","2014","5","Karnataka","Dharwad","427.33","35.24","3.99","23.62","2.67","3.57","3.98","21.35","332.72","463.45","139.3"
"74","2015","5","Karnataka","Dharwad","427.33","35.24","3.99","24.06","2.67","3.57","6.98","8.07","342.58","519.34","151.6"
"74","2016","5","Karnataka","Dharwad","427.33","35.24","3.99","24.61","2.67","3.57","6.98","17.52","332.57","488.27","146.8"
"74","2017","5","Karnataka","Dharwad","427.33","35.24","3.99","24.74","2.67","3.57","6.98","43.22","306.75","443.72","144.7"
"75","2000","5","Karnataka","Belgaum","1344.0","190.0","44.0","69.0","13.0","24.0","7.0","117.0","878.0","1049.0","119.5"
"75","2001","5","Karnataka","Belgaum","1344.38","190.42","44.34","69.07","12.76","24.81","7.3","266.01","728.47","870.1","119.4"
"75","2002","5","Karnataka","Belgaum","1344.38","190.42","44.34","69.07","12.76","24.81","7.3","247.57","746.91","916.22","122.7"
"75","2003","5","Karnataka","Belgaum","1344.38","190.42","44.34","69.13","12.76","24.81","7.67","270.58","723.46","893.3","123.5"
"75","2004","5","Karnataka","Belgaum","1344.38","190.42","44.34","69.2","12.76","24.81","6.99","155.42","839.24","1103.38","131.5"
"75","2005","5","Karnataka","Belgaum","1344.38","190.42","44.34","69.24","12.76","24.81","7.0","195.51","799.1","1061.02","132.8"
"75","2006","5","Karnataka","Belgaum","1344.38","190.42","44.34","69.33","12.76","24.81","7.0","152.52","841.92","1073.23","127.5"
"75","2007","5","Karnataka","Belgaum","1344.38","190.42","44.34","69.37","12.76","24.81","7.0","159.58","833.02","1051.95","126.3"
"75","2008","5","Karnataka","Belgaum","1344.38","190.42","44.34","69.51","11.47","24.81","7.0","195.46","798.29","1009.3","126.4"
"75","2009","5","Karnataka","Belgaum","1344.38","190.42","44.34","69.62","11.47","24.81","6.99","146.38","847.26","1109.2","130.9"
"75","2010","5","Karnataka","Belgaum","1344.38","190.42","44.34","69.66","11.47","24.81","6.97","155.78","837.88","1099.65","131.2"
"75","2011","5","Karnataka","Belgaum","1344.38","190.42","44.34","69.8","11.47","24.81","6.97","226.95","766.58","1011.26","131.9"
"75","2012","5","Karnataka","Belgaum","1344.38","190.42","44.34","69.82","11.47","24.88","5.87","344.44","650.06","896.07","137.8"
"75","2013","5","Karnataka","Belgaum","1344.38","190.42","44.34","69.83","11.47","24.88","5.87","338.52","655.96","967.72","147.5"
"75","2014","5","Karnataka","Belgaum","1344.38","190.42","44.34","69.83","11.47","24.88","5.87","269.38","725.1","1024.93","141.4"
"75","2015","5","Karnataka","Belgaum","1344.38","190.42","44.34","69.83","11.47","24.88","52.89","157.55","789.92","1021.3","129.3"
"75","2016","5","Karnataka","Belgaum","1344.38","190.42","44.34","70.79","11.47","24.88","48.51","126.88","824.01","1039.39","126.1"
"75","2017","5","Karnataka","Belgaum","1344.38","190.42","44.34","70.79","11.47","24.88","52.89","182.24","764.26","1007.83","131.9"
"76","2000","5","Karnataka","Bijapur","1054.0","2.0","29.0","31.0","6.0","10.0","6.0","220.0","749.0","863.0","115.2"
"76","2001","5","Karnataka","Bijapur","1053.47","1.98","29.06","31.28","5.5","9.58","5.69","292.16","676.93","757.94","112.0"
"76","2002","5","Karnataka","Bijapur","1053.47","1.98","29.06","35.85","5.5","9.58","5.69","173.07","791.46","913.45","115.4"
"76","2003","5","Karnataka","Bijapur","1053.47","1.98","29.06","35.85","5.5","9.58","5.69","247.27","717.25","787.59","109.8"
"76","2004","5","Karnataka","Bijapur","1053.47","1.98","29.06","35.85","5.5","9.58","5.69","121.93","842.59","1023.56","121.5"
"76","2005","5","Karnataka","Bijapur","1053.47","1.98","29.06","35.85","5.5","9.58","5.69","125.06","839.46","1028.83","122.6"
"76","2006","5","Karnataka","Bijapur","1053.47","1.98","29.06","35.85","5.5","9.58","5.69","91.97","872.54","1065.28","122.1"
"76","2007","5","Karnataka","Bijapur","1053.47","1.98","29.06","35.85","5.5","9.58","5.69","85.3","879.21","1060.84","120.7"
"76","2008","5","Karnataka","Bijapur","1053.47","1.98","29.06","35.85","5.5","9.58","5.69","218.52","745.99","849.5","113.9"
"76","2009","5","Karnataka","Bijapur","1053.47","1.98","29.06","36.03","5.5","9.58","5.69","93.13","871.2","1041.35","119.5"
"76","2010","5","Karnataka","Bijapur","1053.47","1.98","29.06","36.03","5.5","9.58","5.69","87.0","877.33","1037.96","118.3"
"76","2011","5","Karnataka","Bijapur","1053.47","1.98","29.06","36.07","5.5","9.58","5.69","215.49","748.8","844.2","112.7"
"76","2012","5","Karnataka","Bijapur","1053.47","1.98","29.06","36.13","5.5","9.58","6.38","127.1","836.43","933.38","111.6"
"76","2013","5","Karnataka","Bijapur","1053.47","1.98","29.06","36.19","5.5","9.58","5.69","118.28","845.89","949.19","112.2"
"76","2014","5","Karnataka","Bijapur","1053.47","1.98","29.06","36.23","5.5","9.58","5.69","134.04","830.08","914.88","110.2"
"76","2015","5","Karnataka","Bijapur","1053.47","1.98","29.06","36.27","5.5","9.58","5.69","61.27","902.83","968.73","107.3"
"76","2016","5","Karnataka","Bijapur","1053.47","1.98","29.06","36.29","5.5","9.58","5.69","73.66","890.41","958.71","107.7"
"76","2017","5","Karnataka","Bijapur","1053.47","1.98","29.06","36.31","5.5","9.58","6.27","73.07","890.39","968.12","108.7"
"77","2000","5","Karnataka","Bidar","542.0","26.0","21.0","22.0","19.0","14.0","23.0","32.0","373.0","452.0","121.2"
"77","2001","5","Karnataka","Bidar","541.77","27.71","19.13","22.01","19.26","13.96","26.98","29.79","372.2","450.79","121.1"
"77","2002","5","Karnataka","Bidar","541.77","27.71","19.13","22.01","19.26","13.96","25.22","29.26","374.5","452.61","120.9"
"77","2003","5","Karnataka","Bidar","541.77","27.71","19.13","22.01","19.38","13.96","29.9","28.95","370.01","454.45","122.8"
"77","2004","5","Karnataka","Bidar","541.77","27.71","19.13","22.01","19.38","13.96","33.38","30.25","365.23","445.56","122.0"
"77","2005","5","Karnataka","Bidar","541.77","27.71","19.13","22.01","19.38","13.96","37.84","36.72","354.31","439.45","124.0"
"77","2006","5","Karnataka","Bidar","541.77","27.71","19.13","22.01","19.38","13.96","36.75","36.23","355.8","436.35","122.6"
"77","2007","5","Karnataka","Bidar","541.77","27.71","19.13","22.01","19.38","13.96","41.52","56.97","330.23","411.18","124.5"
"77","2008","5","Karnataka","Bidar","541.77","27.71","19.13","22.01","19.38","13.96","41.52","47.03","340.09","400.18","117.7"
"77","2009","5","Karnataka","Bidar","541.77","27.71","19.13","22.01","19.38","13.96","41.14","46.74","340.79","401.13","117.7"
"77","2010","5","Karnataka","Bidar","541.77","27.71","19.13","22.01","19.38","13.96","33.75","34.19","360.72","423.97","117.5"
"77","2011","5","Karnataka","Bidar","541.77","27.71","19.13","22.01","19.38","13.96","40.28","37.6","350.79","415.7","118.5"
"77","2012","5","Karnataka","Bidar","541.77","27.71","19.13","22.01","19.38","13.96","44.93","36.12","347.62","434.36","125.0"
"77","2013","5","Karnataka","Bidar","541.77","27.71","19.13","22.77","19.38","13.96","41.94","36.3","349.66","450.34","128.8"
"77","2014","5","Karnataka","Bidar","541.77","27.71","19.13","22.77","19.38","13.96","49.04","66.33","312.45","367.7","117.7"
"77","2015","5","Karnataka","Bidar","541.77","27.71","19.13","22.77","19.38","13.96","42.74","63.61","321.54","397.71","123.7"
"77","2016","5","Karnataka","Bidar","541.77","27.71","19.13","22.77","19.38","13.96","16.41","27.87","383.6","483.73","126.1"
"77","2017","5","Karnataka","Bidar","541.77","27.71","19.13","23.45","19.38","13.96","25.46","36.57","365.18","451.74","123.7"
"78","2000","5","Karnataka","Raichur","836.0","18.0","20.0","21.0","11.0","20.0","46.0","109.0","578.0","675.0","116.8"
"78","2001","5","Karnataka","Raichur","835.84","18.17","20.08","20.56","10.71","19.82","46.43","164.3","522.09","606.36","116.1"
"78","2002","5","Karnataka","Raichur","835.84","18.17","20.08","20.56","10.71","19.82","43.18","132.94","556.7","608.43","109.3"
"78","2003","5","Karnataka","Raichur","835.84","18.17","20.08","20.56","10.71","19.82","37.79","114.34","580.69","629.03","108.3"
"78","2004","5","Karnataka","Raichur","835.84","18.17","20.08","20.56","10.71","19.82","37.79","113.62","581.41","668.1","114.9"
"78","2005","5","Karnataka","Raichur","835.84","18.17","20.08","20.56","10.71","19.82","41.1","87.97","603.75","737.51","122.2"
"78","2006","5","Karnataka","Raichur","835.84","18.17","20.08","20.56","10.71","19.82","42.72","129.93","560.16","695.13","124.1"
"78","2007","5","Karnataka","Raichur","835.84","18.17","20.08","20.56","10.71","19.82","40.83","116.44","575.55","722.52","125.5"
"78","2008","5","Karnataka","Raichur","835.84","18.17","20.08","20.56","10.71","19.82","68.7","153.04","511.07","651.48","127.5"
"78","2009","5","Karnataka","Raichur","835.84","18.17","20.08","20.56","10.71","19.82","49.79","169.35","513.68","679.9","132.4"
"78","2010","5","Karnataka","Raichur","835.84","18.17","20.08","20.56","10.71","19.82","50.05","172.66","510.11","662.65","129.9"
"78","2011","5","Karnataka","Raichur","835.84","18.17","20.08","20.56","10.71","19.82","47.05","227.7","458.06","541.14","118.1"
"78","2012","5","Karnataka","Raichur","835.84","18.17","20.08","20.56","10.71","19.82","37.61","165.29","529.92","634.13","119.7"
"78","2013","5","Karnataka","Raichur","835.84","18.17","20.08","20.56","10.7","19.82","41.39","164.83","526.61","678.93","128.9"
"78","2014","5","Karnataka","Raichur","835.84","18.17","20.08","20.56","10.71","19.82","69.65","188.18","474.99","565.75","119.1"
"78","2015","5","Karnataka","Raichur","835.84","18.17","20.08","20.56","10.71","19.82","69.65","190.34","472.82","562.11","118.9"
"78","2016","5","Karnataka","Raichur","835.84","18.17","20.08","22.48","10.71","19.82","87.96","185.84","457.1","579.31","126.7"
"78","2017","5","Karnataka","Raichur","835.84","18.17","20.08","22.49","10.71","19.82","118.15","183.3","429.44","505.16","117.6"
"79","2000","5","Karnataka","Gulbarga","1610.0","69.0","63.0","67.0","11.0","37.0","20.0","188.0","1151.0","1369.0","118.9"
"79","2001","5","Karnataka","Gulbarga","1610.21","69.09","63.12","67.69","11.8","37.41","20.21","170.44","1168.66","1340.47","114.7"
"79","2002","5","Karnataka","Gulbarga","1610.21","69.09","63.12","67.69","11.8","37.41","20.21","164.97","1174.13","1358.57","115.7"
"79","2003","5","Karnataka","Gulbarga","1610.21","69.09","63.12","67.83","11.8","37.41","20.21","171.51","1167.45","1408.17","120.6"
"79","2004","5","Karnataka","Gulbarga","1610.21","69.09","63.08","67.93","11.8","37.41","20.58","139.28","1199.25","1408.35","117.4"
"79","2005","5","Karnataka","Gulbarga","1610.21","69.09","63.17","67.94","11.8","37.61","21.52","156.14","1181.14","1420.07","120.2"
"79","2006","5","Karnataka","Gulbarga","1610.21","69.09","63.16","67.95","11.8","37.61","21.32","180.72","1156.71","1425.57","123.2"
"79","2007","5","Karnataka","Gulbarga","1610.21","69.09","63.16","67.95","11.8","37.61","23.0","177.99","1157.77","1444.92","124.8"
"79","2008","5","Karnataka","Gulbarga","1610.21","69.09","63.16","67.95","11.8","37.61","19.09","144.99","1194.67","1427.1","119.5"
"79","2009","5","Karnataka","Gulbarga","1610.21","69.09","63.16","67.95","11.8","37.61","9.39","128.7","1220.66","1434.52","117.5"
"79","2010","5","Karnataka","Gulbarga","1094.12","35.32","35.11","38.42","9.42","25.86","2.62","22.24","924.0","1061.76","114.9"
"79","2011","5","Karnataka","Gulbarga","1094.12","35.32","35.11","38.42","9.42","25.86","14.39","38.65","895.83","972.51","108.6"
"79","2012","5","Karnataka","Gulbarga","1094.12","35.32","35.11","38.42","9.42","25.86","21.84","59.34","867.69","941.64","108.5"
"79","2013","5","Karnataka","Gulbarga","1094.12","35.32","35.11","38.42","9.42","25.86","24.96","62.65","861.26","1021.19","118.6"
"79","2014","5","Karnataka","Gulbarga","1094.12","35.32","35.11","39.81","9.42","25.86","22.6","32.65","892.23","1049.29","117.6"
"79","2015","5","Karnataka","Gulbarga","1094.12","35.32","35.11","40.77","9.42","25.86","76.19","102.98","767.35","905.24","118.0"
"79","2016","5","Karnataka","Gulbarga","1094.12","35.32","35.11","40.77","9.42","25.86","47.54","57.31","841.67","1031.22","122.5"
"79","2017","5","Karnataka","Gulbarga","1094.12","35.32","35.11","41.37","9.42","25.86","32.18","40.57","873.17","1072.95","122.9"
"80","2000","5","Karnataka","Dakshina Kannada","477.0","129.0","59.0","57.0","34.0","20.0","5.0","7.0","134.0","162.0","120.9"
"80","2001","5","Karnataka","Dakshina Kannada","477.15","128.48","59.08","59.81","32.79","19.35","5.09","6.45","133.7","162.24","121.3"
"80","2002","5","Karnataka","Dakshina Kannada","477.15","128.48","59.06","61.08","30.98","19.32","5.03","7.02","134.25","161.78","120.5"
"80","2003","5","Karnataka","Dakshina Kannada","477.15","128.48","59.06","61.85","30.77","19.32","4.73","7.65","133.35","161.74","121.3"
"80","2004","5","Karnataka","Dakshina Kannada","477.15","128.48","59.06","62.04","31.3","19.32","4.98","8.58","131.44","161.42","122.8"
"80","2005","5","Karnataka","Dakshina Kannada","477.15","128.48","59.06","62.28","30.99","19.15","5.28","7.96","131.99","158.66","120.2"
"80","2006","5","Karnataka","Dakshina Kannada","477.15","128.48","59.06","62.52","31.47","19.15","5.58","7.66","131.27","159.47","121.5"
"80","2007","5","Karnataka","Dakshina Kannada","477.15","128.48","59.06","63.79","31.3","19.15","5.6","7.42","130.4","158.18","121.3"
"80","2008","5","Karnataka","Dakshina Kannada","477.15","128.48","58.92","64.47","30.96","19.12","5.38","6.92","131.08","157.93","120.5"
"80","2009","5","Karnataka","Dakshina Kannada","477.15","128.48","58.8","65.42","30.7","19.09","5.82","6.25","130.83","157.33","120.2"
"80","2010","5","Karnataka","Dakshina Kannada","477.15","128.48","58.78","65.48","30.67","19.06","5.83","6.38","130.75","157.17","120.2"
"80","2011","5","Karnataka","Dakshina Kannada","477.15","128.48","58.78","65.51","30.55","19.03","5.42","6.29","131.45","157.68","120.0"
"80","2012","5","Karnataka","Dakshina Kannada","477.38","128.48","58.78","66.37","30.3","18.9","5.9","7.16","129.97","156.95","120.8"
"80","2013","5","Karnataka","Dakshina Kannada","477.38","128.48","58.78","67.23","30.15","18.82","5.51","6.17","130.8","157.58","120.5"
"80","2014","5","Karnataka","Dakshina Kannada","477.38","128.48","58.78","68.21","28.35","14.56","5.12","5.6","142.4","167.6","117.7"
"80","2015","5","Karnataka","Dakshina Kannada","477.38","128.48","58.78","68.71","27.76","14.4","6.04","6.67","141.16","166.16","117.7"
"80","2016","5","Karnataka","Dakshina Kannada","477.38","128.48","58.78","70.59","24.19","12.7","5.9","7.22","145.19","158.76","109.3"
"80","2017","5","Karnataka","Dakshina Kannada","477.38","128.48","58.78","70.8","24.15","12.67","5.03","6.34","146.84","157.95","107.6"
"81","2000","5","Karnataka","Uttara Kannada","1025.0","815.0","20.0","30.0","8.0","20.0","8.0","8.0","112.0","126.0","112.5"
"81","2001","5","Karnataka","Uttara Kannada","1024.68","814.72","16.24","34.16","7.36","19.45","10.14","9.42","108.61","118.52","109.1"
"81","2002","5","Karnataka","Uttara Kannada","1024.68","814.46","16.24","34.16","7.36","19.45","12.04","7.01","109.39","119.61","109.3"
"81","2003","5","Karnataka","Uttara Kannada","1024.68","814.46","16.24","34.19","7.36","19.36","12.62","7.28","108.59","118.83","109.4"
"81","2004","5","Karnataka","Uttara Kannada","1024.68","813.81","16.24","34.26","7.36","19.36","12.59","8.23","108.25","119.0","109.9"
"81","2005","5","Karnataka","Uttara Kannada","1024.68","813.6","16.23","34.37","6.64","17.22","11.06","5.89","115.08","126.55","110.0"
"81","2006","5","Karnataka","Uttara Kannada","1024.68","813.6","16.23","34.4","6.46","16.85","11.07","5.66","115.62","126.72","109.6"
"81","2007","5","Karnataka","Uttara Kannada","1024.68","813.6","16.23","34.42","6.45","16.85","11.73","5.89","114.69","125.26","109.2"
"81","2008","5","Karnataka","Uttara Kannada","1024.68","813.6","16.23","34.46","6.45","16.63","12.73","5.48","114.3","125.0","109.4"
"81","2009","5","Karnataka","Uttara Kannada","1024.68","813.6","16.23","34.49","6.45","16.63","13.14","6.4","112.95","125.66","111.3"
"81","2010","5","Karnataka","Uttara Kannada","1024.68","813.6","16.23","34.51","6.45","16.63","13.07","7.23","112.15","124.42","110.9"
"81","2011","5","Karnataka","Uttara Kannada","1024.68","813.6","16.23","34.55","6.45","16.63","14.21","5.91","112.3","123.53","110.0"
"81","2012","5","Karnataka","Uttara Kannada","1024.68","813.6","16.23","34.55","6.45","16.63","14.32","6.14","111.97","125.73","112.3"
"81","2013","5","Karnataka","Uttara Kannada","1024.68","813.6","16.23","34.55","6.45","16.63","14.34","6.54","111.54","122.29","109.6"
"81","2014","5","Karnataka","Uttara Kannada","1024.68","813.6","16.21","34.6","6.45","16.63","14.14","6.28","111.98","122.45","109.3"
"81","2015","5","Karnataka","Uttara Kannada","1024.68","813.6","16.14","34.67","6.45","16.63","14.35","7.03","111.02","122.05","109.9"
"81","2016","5","Karnataka","Uttara Kannada","1024.68","813.6","16.14","34.67","6.45","16.63","14.39","7.14","110.86","121.06","109.2"
"81","2017","5","Karnataka","Uttara Kannada","1024.68","813.6","16.2","34.71","6.45","16.63","14.22","6.93","111.15","122.41","110.1"
"82","2000","5","Karnataka","Kodagu","411.0","135.0","31.0","24.0","12.0","18.0","4.0","9.0","147.0","148.0","100.7"
"82","2001","5","Karnataka","Kodagu","410.78","134.6","31.01","23.69","11.92","17.8","3.92","8.58","147.11","148.62","101.0"
"82","2002","5","Karnataka","Kodagu","410.78","134.6","31.01","23.69","11.92","17.8","5.56","7.21","146.84","147.54","100.5"
"82","2003","5","Karnataka","Kodagu","410.78","134.6","31.01","23.69","11.92","17.8","5.26","6.9","147.45","148.13","100.5"
"82","2004","5","Karnataka","Kodagu","410.78","134.6","31.01","23.69","11.92","17.8","2.34","5.0","152.27","153.14","100.6"
"82","2005","5","Karnataka","Kodagu","410.78","134.6","31.01","23.69","11.92","17.53","2.65","5.21","151.75","154.72","102.0"
"82","2006","5","Karnataka","Kodagu","410.78","134.6","31.01","23.96","9.83","16.88","4.43","6.31","156.82","162.92","103.9"
"82","2007","5","Karnataka","Kodagu","410.78","134.6","31.01","23.96","9.13","14.77","2.74","3.76","167.35","179.23","107.1"
"82","2008","5","Karnataka","Kodagu","410.78","134.6","31.01","23.96","9.13","14.77","4.0","4.93","165.04","178.48","108.1"
"82","2009","5","Karnataka","Kodagu","410.78","134.6","31.01","24.15","9.11","14.73","4.44","4.83","164.65","179.0","108.7"
"82","2010","5","Karnataka","Kodagu","410.78","134.6","31.01","24.2","9.11","13.88","3.5","3.93","169.52","184.56","108.9"
"82","2011","5","Karnataka","Kodagu","410.78","134.6","31.01","24.22","9.08","13.88","3.62","4.23","169.92","185.88","109.4"
"82","2012","5","Karnataka","Kodagu","410.78","134.6","31.01","24.22","9.08","13.88","3.62","7.59","166.57","182.67","109.7"
"82","2013","5","Karnataka","Kodagu","410.78","134.6","31.01","24.22","9.08","13.88","3.62","7.42","166.74","182.23","109.3"
"82","2014","5","Karnataka","Kodagu","410.78","134.6","31.01","24.22","9.08","13.88","3.61","6.89","167.28","190.62","114.0"
"82","2015","5","Karnataka","Kodagu","410.78","134.6","31.01","24.22","9.08","13.88","3.73","8.99","165.06","188.79","114.4"
"82","2016","5","Karnataka","Kodagu","410.78","134.6","31.01","24.3","9.08","13.88","3.6","8.53","165.56","189.29","114.3"
"82","2017","5","Karnataka","Kodagu","410.78","134.6","31.01","24.3","9.08","13.88","3.9","8.92","164.88","188.61","114.4"
"549","2000","5","Karnataka","Bangalore(Rural)","585.0","81.0","36.0","58.0","6.0","30.0","19.0","34.0","298.0","325.0","109.1"
"549","2001","5","Karnataka","Bangalore(Rural)","585.43","81.27","35.66","58.08","5.81","30.62","20.33","36.77","295.04","332.19","112.6"
"549","2002","5","Karnataka","Bangalore(Rural)","585.43","81.27","35.66","58.18","5.81","30.19","20.73","64.45","267.31","274.24","102.6"
"549","2003","5","Karnataka","Bangalore(Rural)","585.43","81.27","35.66","58.34","5.03","28.86","10.32","40.42","306.41","315.78","103.1"
"549","2004","5","Karnataka","Bangalore(Rural)","585.43","81.27","35.66","60.52","5.03","28.86","8.54","31.0","318.21","326.4","102.6"
"549","2005","5","Karnataka","Bangalore(Rural)","585.43","81.27","35.46","64.71","5.08","28.54","12.02","28.08","316.22","327.35","103.5"
"549","2006","5","Karnataka","Bangalore(Rural)","585.43","81.27","35.46","65.62","5.08","28.54","46.99","63.31","242.99","251.74","103.6"
"549","2007","5","Karnataka","Bangalore(Rural)","229.52","11.32","11.12","39.84","3.9","3.88","14.47","28.91","103.85","134.08","129.1"
"549","2008","5","Karnataka","Bangalore(Rural)","229.52","11.32","11.12","39.98","3.9","3.88","11.75","11.59","123.75","129.52","104.7"
"549","2009","5","Karnataka","Bangalore(Rural)","229.52","11.32","11.12","39.98","3.9","3.88","11.75","10.39","124.96","130.52","104.5"
"549","2010","5","Karnataka","Bangalore(Rural)","229.52","11.32","11.12","39.98","3.9","3.88","11.2","10.48","125.13","131.1","104.8"
"549","2011","5","Karnataka","Bangalore(Rural)","229.52","11.32","11.12","39.98","3.9","3.88","11.4","9.65","125.77","130.62","103.9"
"549","2012","5","Karnataka","Bangalore(Rural)","229.52","11.32","11.12","39.98","3.9","3.88","13.79","12.01","119.98","122.96","102.5"
"549","2013","5","Karnataka","Bangalore(Rural)","229.52","11.32","11.12","39.98","3.9","3.88","15.46","14.26","116.06","119.59","103.0"
"549","2014","5","Karnataka","Bangalore(Rural)","229.52","11.32","11.12","43.98","3.9","3.88","17.38","16.31","108.1","111.87","103.5"
"549","2015","5","Karnataka","Bangalore(Rural)","229.52","11.32","11.12","45.47","3.9","3.88","12.47","15.71","112.21","116.95","104.2"
"549","2016","5","Karnataka","Bangalore(Rural)","229.52","11.32","11.12","46.42","3.9","3.88","13.75","21.4","104.3","107.56","103.1"
"549","2017","5","Karnataka","Bangalore(Rural)","229.52","11.32","11.12","46.94","3.9","3.88","17.33","21.14","100.46","103.29","102.8"
"550","2000","5","Karnataka","Bangalore(Urban)","217.0","3.0","5.0","87.0","4.0","6.0","3.0","16.0","86.0","95.0","110.5"
"550","2001","5","Karnataka","Bangalore(Urban)","217.41","3.3","4.89","91.78","4.34","5.18","2.83","15.66","81.83","88.51","108.2"
"550","2002","5","Karnataka","Bangalore(Urban)","217.41","3.3","4.89","91.78","5.66","6.25","3.53","25.78","65.26","73.71","112.9"
"550","2003","5","Karnataka","Bangalore(Urban)","217.41","3.3","4.89","94.06","3.84","5.86","3.62","18.49","73.36","84.0","114.5"
"550","2004","5","Karnataka","Bangalore(Urban)","217.41","3.3","4.89","95.23","4.39","5.67","5.47","12.95","75.91","80.15","105.6"
"550","2005","5","Karnataka","Bangalore(Urban)","217.41","5.06","4.93","98.54","4.44","5.67","4.86","12.8","73.6","75.9","103.1"
"550","2006","5","Karnataka","Bangalore(Urban)","217.41","5.06","4.91","107.43","4.44","5.67","4.86","22.76","54.26","56.13","103.5"
"550","2007","5","Karnataka","Bangalore(Urban)","217.41","5.06","4.91","111.44","4.44","5.67","5.07","14.43","58.88","60.81","103.3"
"550","2008","5","Karnataka","Bangalore(Urban)","217.41","5.06","4.91","114.88","3.79","5.67","5.14","16.18","54.35","56.4","103.8"
"550","2009","5","Karnataka","Bangalore(Urban)","217.41","5.06","4.91","115.44","3.7","5.67","5.17","17.14","52.88","54.62","103.3"
"550","2010","5","Karnataka","Bangalore(Urban)","217.41","5.06","4.91","115.53","3.78","5.67","5.22","19.42","50.37","52.22","103.7"
"550","2011","5","Karnataka","Bangalore(Urban)","217.41","5.06","4.91","115.81","3.84","5.67","5.39","17.78","51.43","53.59","104.2"
"550","2012","5","Karnataka","Bangalore(Urban)","217.41","5.06","4.91","115.85","3.86","5.67","6.49","20.39","47.65","54.17","113.7"
"550","2013","5","Karnataka","Bangalore(Urban)","217.41","5.06","4.91","120.14","3.89","5.67","6.73","18.37","44.99","51.06","113.5"
"550","2014","5","Karnataka","Bangalore(Urban)","217.41","5.06","4.91","124.57","3.89","5.67","6.73","17.51","41.42","45.38","109.5"
"550","2015","5","Karnataka","Bangalore(Urban)","217.41","5.06","4.91","124.79","3.89","5.67","6.73","21.56","37.15","41.21","110.9"
"550","2016","5","Karnataka","Bangalore(Urban)","217.41","5.06","4.91","125.14","3.89","5.67","6.73","23.94","34.43","37.17","108.0"
"550","2017","5","Karnataka","Bangalore(Urban)","217.41","5.06","4.91","125.31","3.89","5.67","6.73","25.11","33.09","36.28","109.6"
"1010","2000","5","Karnataka","Bagalkote","659.0","81.0","25.0","29.0","2.0","3.0","9.0","61.0","448.0","513.0","114.5"
"1010","2001","5","Karnataka","Bagalkote","658.88","81.05","24.81","28.83","2.04","3.43","9.97","72.43","436.12","475.08","108.9"
"1010","2002","5","Karnataka","Bagalkote","658.88","81.13","24.81","28.83","2.04","3.43","9.97","73.72","434.75","477.76","109.9"
"1010","2003","5","Karnataka","Bagalkote","658.88","81.13","24.81","28.83","2.04","3.43","9.97","111.25","397.21","422.3","106.3"
"1010","2004","5","Karnataka","Bagalkote","658.88","81.13","24.81","28.83","2.04","3.43","9.97","38.68","469.78","571.62","121.7"
"1010","2005","5","Karnataka","Bagalkote","658.88","81.13","24.81","28.83","2.04","3.43","9.97","41.06","467.41","580.96","124.3"
"1010","2006","5","Karnataka","Bagalkote","658.88","81.13","24.81","28.83","2.04","3.43","9.97","48.58","459.84","547.88","119.1"
"1010","2007","5","Karnataka","Bagalkote","658.88","81.13","24.81","28.83","2.04","3.43","9.97","40.12","468.28","600.41","128.2"
"1010","2008","5","Karnataka","Bagalkote","658.88","81.13","24.81","28.83","2.04","3.43","9.97","53.06","455.34","567.26","124.6"
"1010","2009","5","Karnataka","Bagalkote","658.88","81.13","24.81","28.83","2.04","3.43","9.97","41.92","466.48","600.33","128.7"
"1010","2010","5","Karnataka","Bagalkote","658.88","81.13","24.81","28.83","2.04","3.43","9.97","36.01","472.39","608.72","128.9"
"1010","2011","5","Karnataka","Bagalkote","658.88","81.13","24.81","28.83","2.04","3.43","9.97","30.82","477.58","616.3","129.0"
"1010","2012","5","Karnataka","Bagalkote","658.88","81.13","24.81","28.83","2.04","3.43","9.97","64.6","443.8","508.07","114.5"
"1010","2013","5","Karnataka","Bagalkote","658.88","81.13","24.81","28.83","2.04","3.43","9.97","41.0","467.4","588.69","126.0"
"1010","2014","5","Karnataka","Bagalkote","658.88","81.13","24.81","28.83","2.04","3.43","9.97","38.54","469.86","569.44","121.2"
"1010","2015","5","Karnataka","Bagalkote","658.88","81.13","24.81","28.83","2.04","3.43","22.27","44.12","451.99","550.3","121.7"
"1010","2016","5","Karnataka","Bagalkote","658.88","81.13","24.81","29.85","2.04","3.43","9.93","38.58","468.84","604.73","129.0"
"1010","2017","5","Karnataka","Bagalkote","658.88","81.13","24.81","29.85","2.04","3.43","14.95","34.4","467.99","609.72","130.3"
"1011","2000","5","Karnataka","Chamaraja Nagar","570.0","276.0","21.0","25.0","8.0","23.0","25.0","28.0","160.0","189.0","118.1"
"1011","2001","5","Karnataka","Chamaraja Nagar","569.9","275.61","21.43","24.51","7.64","22.75","24.91","35.05","153.26","203.68","132.9"
"1011","2002","5","Karnataka","Chamaraja Nagar","569.9","275.61","21.43","24.51","7.64","22.75","24.91","30.66","157.66","197.3","125.1"
"1011","2003","5","Karnataka","Chamaraja Nagar","569.9","275.61","21.43","24.51","7.64","22.75","25.91","33.04","154.27","182.0","118.0"
"1011","2004","5","Karnataka","Chamaraja Nagar","569.9","275.61","21.43","24.51","7.64","22.75","24.21","13.18","175.83","214.34","121.9"
"1011","2005","5","Karnataka","Chamaraja Nagar","569.9","275.61","21.43","24.51","7.64","22.75","23.48","12.76","176.98","216.63","122.4"
"1011","2006","5","Karnataka","Chamaraja Nagar","569.9","275.61","21.43","24.51","7.64","22.75","24.65","12.2","176.33","201.65","114.4"
"1011","2007","5","Karnataka","Chamaraja Nagar","569.9","275.61","21.43","24.61","7.64","22.75","19.15","7.87","186.06","218.66","117.5"
"1011","2008","5","Karnataka","Chamaraja Nagar","569.9","275.61","21.43","24.61","7.64","22.75","13.5","7.74","191.84","230.54","120.2"
"1011","2009","5","Karnataka","Chamaraja Nagar","569.9","275.61","21.43","24.61","7.64","22.75","15.8","10.71","186.62","225.29","120.7"
"1011","2010","5","Karnataka","Chamaraja Nagar","569.9","275.61","21.43","24.61","7.64","22.75","12.89","11.37","188.87","225.45","119.4"
"1011","2011","5","Karnataka","Chamaraja Nagar","569.9","275.61","21.43","24.61","7.64","22.75","12.98","15.75","184.4","222.4","120.6"
"1011","2012","5","Karnataka","Chamaraja Nagar","569.9","275.61","21.43","24.61","7.64","22.75","11.68","16.23","185.21","232.29","125.4"
"1011","2013","5","Karnataka","Chamaraja Nagar","569.9","275.61","21.43","24.62","7.64","22.75","11.93","39.74","161.45","188.81","116.9"
"1011","2014","5","Karnataka","Chamaraja Nagar","569.9","275.61","21.43","24.63","7.64","22.75","11.93","47.74","153.44","191.02","124.5"
"1011","2015","5","Karnataka","Chamaraja Nagar","569.9","275.61","21.43","24.63","7.64","22.75","11.86","40.18","161.06","194.69","120.9"
"1011","2016","5","Karnataka","Chamaraja Nagar","569.9","275.61","21.43","24.63","7.64","22.75","11.86","69.54","131.7","151.46","115.0"
"1011","2017","5","Karnataka","Chamaraja Nagar","569.9","275.61","21.43","24.63","7.64","22.75","9.86","49.26","153.99","193.66","125.8"
"1012","2000","5","Karnataka","Davanagere","598.0","90.0","20.0","39.0","9.0","19.0","9.0","18.0","387.0","463.0","119.6"
"1012","2001","5","Karnataka","Davanagere","597.6","89.92","20.53","38.97","9.23","19.54","9.27","39.64","365.45","436.05","119.3"
"1012","2002","5","Karnataka","Davanagere","597.6","89.92","20.53","38.97","9.23","19.54","9.17","49.64","355.55","408.85","115.0"
"1012","2003","5","Karnataka","Davanagere","597.6","89.92","20.53","38.96","9.23","19.54","9.29","56.65","348.43","394.56","113.2"
"1012","2004","5","Karnataka","Davanagere","597.6","89.92","20.53","38.96","9.11","19.54","7.95","26.77","379.77","459.98","121.1"
"1012","2005","5","Karnataka","Davanagere","597.6","89.92","20.53","38.96","8.53","19.54","11.94","17.75","385.59","470.61","122.1"
"1012","2006","5","Karnataka","Davanagere","597.6","89.92","20.53","38.96","8.53","19.54","5.85","21.28","388.04","470.02","121.1"
"1012","2007","5","Karnataka","Davanagere","597.6","89.92","20.53","38.96","8.53","19.54","5.86","19.53","389.77","422.63","108.4"
"1012","2008","5","Karnataka","Davanagere","597.6","89.92","20.53","38.96","8.53","19.54","5.21","17.78","392.18","460.77","117.5"
"1012","2009","5","Karnataka","Davanagere","597.6","89.92","20.53","38.96","8.53","19.54","5.21","10.9","399.05","477.84","119.7"
"1012","2010","5","Karnataka","Davanagere","597.6","89.92","20.53","38.99","8.53","19.54","5.42","14.04","395.68","493.73","124.8"
"1012","2011","5","Karnataka","Davanagere","597.6","89.92","20.53","39.08","8.53","19.54","5.42","20.62","389.01","486.68","125.1"
"1012","2012","5","Karnataka","Davanagere","597.6","89.92","20.53","39.26","8.53","19.54","5.42","18.38","391.07","462.67","118.3"
"1012","2013","5","Karnataka","Davanagere","597.6","89.92","20.53","39.42","8.53","19.54","5.42","34.57","374.72","461.13","123.1"
"1012","2014","5","Karnataka","Davanagere","597.6","89.92","20.53","39.79","8.53","19.54","5.05","16.14","393.15","480.81","122.3"
"1012","2015","5","Karnataka","Davanagere","597.6","89.92","20.53","39.79","8.53","19.54","5.14","25.12","384.08","425.79","110.9"
"1012","2016","5","Karnataka","Davanagere","597.6","89.92","19.63","39.89","8.53","19.54","4.83","26.56","383.77","405.14","105.6"
"1012","2017","5","Karnataka","Davanagere","597.6","89.92","19.63","40.08","8.43","19.54","4.33","67.97","343.19","417.16","121.6"
"1013","2000","5","Karnataka","Gadag","466.0","33.0","12.0","10.0","1.0","3.0","6.0","10.0","391.0","497.0","127.1"
"1013","2001","5","Karnataka","Gadag","465.72","32.61","11.63","10.24","1.01","2.59","7.9","6.72","392.79","442.43","112.6"
"1013","2002","5","Karnataka","Gadag","465.72","32.61","11.63","10.41","1.01","2.59","4.65","4.08","398.51","501.94","126.0"
"1013","2003","5","Karnataka","Gadag","465.72","32.61","11.63","10.46","1.01","2.59","4.17","29.81","373.2","409.25","109.7"
"1013","2004","5","Karnataka","Gadag","465.72","32.61","11.63","10.48","1.01","2.59","4.01","16.48","386.67","571.55","147.8"
"1013","2005","5","Karnataka","Gadag","465.72","32.61","11.63","10.48","1.01","2.59","6.17","20.81","380.18","567.26","149.2"
"1013","2006","5","Karnataka","Gadag","465.72","32.61","11.63","10.48","1.01","2.59","3.7","23.35","380.08","545.91","143.6"
"1013","2007","5","Karnataka","Gadag","465.72","32.61","11.63","10.48","1.01","2.59","3.46","18.94","384.73","558.53","145.2"
"1013","2008","5","Karnataka","Gadag","465.72","32.61","11.63","10.48","1.01","2.59","3.71","43.71","359.7","458.27","127.4"
"1013","2009","5","Karnataka","Gadag","465.72","32.61","11.63","10.48","1.01","2.59","1.22","6.83","399.07","574.9","144.1"
"1013","2010","5","Karnataka","Gadag","465.72","32.61","11.63","10.48","1.01","2.59","0.56","2.1","404.46","552.93","136.7"
"1013","2011","5","Karnataka","Gadag","465.72","32.61","11.63","10.48","1.01","2.59","5.15","49.35","352.62","494.62","140.3"
"1013","2012","5","Karnataka","Gadag","465.72","32.61","11.63","10.48","1.01","2.59","6.36","51.08","349.69","423.15","121.0"
"1013","2013","5","Karnataka","Gadag","465.72","32.61","11.63","10.48","1.01","2.59","6.16","32.62","368.35","527.41","143.2"
"1013","2014","5","Karnataka","Gadag","465.72","32.61","11.63","10.48","1.01","2.59","4.97","24.63","377.54","538.25","142.6"
"1013","2015","5","Karnataka","Gadag","465.72","32.61","11.63","10.48","1.01","2.59","4.53","11.41","391.19","497.9","127.3"
"1013","2016","5","Karnataka","Gadag","465.72","32.61","12.02","11.37","1.01","2.6","3.04","26.26","376.54","572.2","152.0"
"1013","2017","5","Karnataka","Gadag","465.72","32.61","12.02","11.37","1.01","2.6","3.04","28.55","374.24","505.84","135.2"
"1014","2000","5","Karnataka","Haveri","485.0","48.0","6.0","31.0","3.0","12.0","5.0","26.0","352.0","441.0","125.3"
"1014","2001","5","Karnataka","Haveri","485.16","47.45","5.79","31.57","2.99","12.4","5.27","31.35","346.43","435.85","125.8"
"1014","2002","5","Karnataka","Haveri","485.16","47.45","5.79","31.58","2.99","12.4","5.23","18.0","359.8","455.55","126.6"
"1014","2003","5","Karnataka","Haveri","485.16","47.45","5.79","31.58","2.99","12.4","5.92","27.86","349.25","442.24","126.6"
"1014","2004","5","Karnataka","Haveri","485.16","47.45","5.79","31.58","2.99","12.4","5.46","17.54","360.03","446.13","123.9"
"1014","2005","5","Karnataka","Haveri","485.16","47.45","5.79","31.61","2.99","12.21","4.77","11.3","367.12","441.24","120.2"
"1014","2006","5","Karnataka","Haveri","485.16","47.45","5.79","31.61","2.99","12.21","4.96","12.05","365.96","427.88","116.9"
"1014","2007","5","Karnataka","Haveri","485.16","47.45","5.79","31.69","2.99","12.21","5.33","12.32","365.24","429.66","117.6"
"1014","2008","5","Karnataka","Haveri","485.16","47.45","5.79","32.68","2.99","12.21","5.27","11.87","364.63","423.53","116.2"
"1014","2009","5","Karnataka","Haveri","485.16","47.45","5.79","33.0","2.99","12.21","5.18","9.28","366.97","433.47","118.1"
"1014","2010","5","Karnataka","Haveri","485.16","47.45","5.79","33.04","2.99","12.21","5.75","11.7","363.94","422.11","116.0"
"1014","2011","5","Karnataka","Haveri","485.16","47.45","5.79","33.1","2.99","12.21","6.0","12.11","363.21","411.13","113.2"
"1014","2012","5","Karnataka","Haveri","485.16","47.45","5.79","33.2","2.99","12.21","5.61","11.26","364.35","417.89","114.7"
"1014","2013","5","Karnataka","Haveri","485.16","47.45","5.79","33.26","2.99","12.21","6.14","13.22","361.8","424.77","117.4"
"1014","2014","5","Karnataka","Haveri","485.16","47.45","5.79","33.31","2.99","12.21","6.49","12.58","362.05","428.9","118.5"
"1014","2015","5","Karnataka","Haveri","485.16","47.45","5.79","33.36","2.99","12.21","6.52","12.64","361.91","432.16","119.4"
"1014","2016","5","Karnataka","Haveri","485.16","47.45","5.79","33.43","2.99","12.21","7.93","18.49","354.57","423.12","119.3"
"1014","2017","5","Karnataka","Haveri","485.16","47.45","5.79","33.48","2.99","12.21","8.77","14.93","357.24","413.77","115.8"
"1015","2000","5","Karnataka","Koppal","553.0","29.0","17.0","39.0","3.0","15.0","24.0","69.0","357.0","436.0","122.1"
"1015","2001","5","Karnataka","Koppal","552.5","29.45","16.63","38.87","2.57","14.68","21.2","68.93","359.97","436.25","121.2"
"1015","2002","5","Karnataka","Koppal","552.5","29.45","16.63","38.87","2.57","14.68","48.0","126.07","276.03","396.63","143.7"
"1015","2003","5","Karnataka","Koppal","552.5","29.45","16.63","38.87","2.57","14.68","33.31","72.26","344.32","421.88","122.5"
"1015","2004","5","Karnataka","Koppal","552.5","29.45","16.63","38.87","2.57","14.68","6.38","75.13","368.38","497.09","134.9"
"1015","2005","5","Karnataka","Koppal","552.5","29.45","16.63","38.87","2.57","14.68","0.0","69.18","380.7","524.11","137.7"
"1015","2006","5","Karnataka","Koppal","552.5","29.45","16.63","38.87","2.57","14.68","6.16","94.7","349.24","433.72","124.2"
"1015","2007","5","Karnataka","Koppal","552.5","29.45","16.63","38.87","2.57","14.68","0.0","68.44","381.65","508.05","133.1"
"1015","2008","5","Karnataka","Koppal","552.5","29.45","16.63","38.87","2.57","14.68","0.0","91.13","358.97","469.04","130.7"
"1015","2009","5","Karnataka","Koppal","552.5","29.45","16.63","39.0","2.57","14.68","0.0","69.42","380.54","507.8","133.4"
"1015","2010","5","Karnataka","Koppal","552.5","29.45","16.63","39.0","2.57","14.68","0.0","80.1","369.86","500.44","135.3"
"1015","2011","5","Karnataka","Koppal","552.5","29.45","16.63","39.0","2.57","14.68","80.1","19.66","350.2","433.2","123.7"
"1015","2012","5","Karnataka","Koppal","552.5","29.45","16.63","39.0","2.57","14.68","40.43","19.3","390.23","485.09","124.3"
"1015","2013","5","Karnataka","Koppal","552.5","29.45","16.63","39.0","2.57","14.68","32.66","21.54","395.76","488.45","123.4"
"1015","2014","5","Karnataka","Koppal","552.5","29.45","16.63","40.59","2.57","14.68","20.87","19.66","407.85","500.43","122.7"
"1015","2015","5","Karnataka","Koppal","552.5","29.45","23.47","42.19","2.57","17.84","27.01","22.04","387.72","459.74","118.6"
"1015","2016","5","Karnataka","Koppal","552.5","29.45","23.64","49.63","2.57","17.84","38.03","30.81","360.32","418.33","116.1"
"1015","2017","5","Karnataka","Koppal","552.5","29.45","23.64","49.64","2.57","17.84","19.61","18.94","390.6","484.78","124.1"
"1016","2000","5","Karnataka","Udupi","356.0","99.0","12.0","38.0","33.0","11.0","9.0","5.0","101.0","131.0","129.7"
"1016","2001","5","Karnataka","Udupi","356.45","99.57","11.67","38.62","33.07","10.68","8.42","4.2","101.64","129.29","127.2"
"1016","2002","5","Karnataka","Udupi","356.45","100.1","11.62","38.7","33.8","10.64","9.69","3.9","99.41","125.13","125.9"
"1016","2003","5","Karnataka","Udupi","356.45","100.1","11.61","38.82","35.12","10.64","10.36","2.23","99.14","121.78","122.8"
"1016","2004","5","Karnataka","Udupi","356.45","100.1","11.61","38.96","36.12","10.63","9.24","1.99","99.9","122.13","122.3"
"1016","2005","5","Karnataka","Udupi","356.45","100.1","11.61","39.09","37.16","10.63","8.25","1.68","100.2","123.41","123.2"
"1016","2006","5","Karnataka","Udupi","356.45","100.1","11.6","39.17","36.73","10.63","8.55","1.92","100.02","123.25","123.2"
"1016","2007","5","Karnataka","Udupi","356.45","100.1","11.6","39.26","36.16","10.63","8.34","1.78","100.88","122.94","121.9"
"1016","2008","5","Karnataka","Udupi","356.45","100.1","11.6","39.42","36.3","10.63","8.68","0.89","101.32","123.47","121.9"
"1016","2009","5","Karnataka","Udupi","356.45","100.1","11.6","39.52","36.63","10.63","8.56","2.37","99.82","118.99","119.2"
"1016","2010","5","Karnataka","Udupi","356.45","100.1","11.6","39.6","38.17","10.63","8.33","1.35","99.71","118.08","118.4"
"1016","2011","5","Karnataka","Udupi","356.45","100.1","11.6","39.88","38.53","10.63","8.56","0.27","100.13","117.88","117.7"
"1016","2012","5","Karnataka","Udupi","356.45","100.1","11.6","40.14","38.95","10.63","9.25","3.2","97.58","112.69","115.5"
"1016","2013","5","Karnataka","Udupi","356.45","100.1","11.6","41.65","36.96","10.63","11.44","1.2","98.48","113.3","115.0"
"1016","2014","5","Karnataka","Udupi","356.45","100.1","11.6","42.26","36.93","10.63","12.24","1.23","96.97","111.5","115.0"
"1016","2015","5","Karnataka","Udupi","356.45","100.1","11.6","42.28","36.93","10.63","9.74","3.0","97.86","111.53","114.0"
"1016","2016","5","Karnataka","Udupi","356.45","100.1","11.6","42.28","36.93","10.63","9.74","3.41","97.45","107.83","110.6"
"1016","2017","5","Karnataka","Udupi","356.45","100.1","11.6","42.39","36.7","10.62","10.46","2.81","97.83","108.34","110.7"
"2004","2007","5","Karnataka","Ramanagaram","355.91","69.95","24.34","26.23","1.18","24.66","30.13","16.56","158.93","163.6","102.9"
"2004","2008","5","Karnataka","Ramanagaram","355.91","69.95","24.34","26.23","1.18","24.66","21.3","17.26","167.05","172.38","103.2"
"2004","2009","5","Karnataka","Ramanagaram","355.91","69.95","24.34","26.23","1.18","24.66","20.9","15.66","169.05","174.29","103.1"
"2004","2010","5","Karnataka","Ramanagaram","355.91","69.95","24.34","26.23","1.18","24.66","20.8","15.61","169.2","175.53","103.7"
"2004","2011","5","Karnataka","Ramanagaram","355.91","69.95","24.34","26.23","1.18","24.66","20.88","20.44","164.3","169.0","102.9"
"2004","2012","5","Karnataka","Ramanagaram","355.91","69.95","24.34","26.23","1.18","24.66","27.76","33.82","144.03","148.02","102.8"
"2004","2013","5","Karnataka","Ramanagaram","355.91","69.95","24.34","26.23","1.18","24.66","25.6","15.06","164.96","169.84","103.0"
"2004","2014","5","Karnataka","Ramanagaram","355.91","69.95","24.34","27.11","1.18","24.66","32.75","18.33","153.66","160.62","104.5"
"2004","2015","5","Karnataka","Ramanagaram","355.91","69.95","24.34","27.67","1.18","24.66","25.48","18.23","160.46","172.1","107.3"
"2004","2016","5","Karnataka","Ramanagaram","355.91","69.95","24.34","27.97","1.18","24.66","26.26","26.63","150.97","162.32","107.5"
"2004","2017","5","Karnataka","Ramanagaram","355.91","69.95","24.34","27.98","1.18","24.66","19.35","23.53","160.97","172.32","107.1"
"2005","2007","5","Karnataka","Chikkaballapur","404.5","49.7","34.3","31.93","6.14","59.51","8.7","37.03","170.7","174.21","102.1"
"2005","2008","5","Karnataka","Chikkaballapur","404.5","49.7","34.3","31.93","6.14","59.51","9.06","22.76","184.61","189.85","102.8"
"2005","2009","5","Karnataka","Chikkaballapur","404.5","49.7","34.3","31.93","6.14","59.51","8.56","38.39","169.47","174.25","102.8"
"2005","2010","5","Karnataka","Chikkaballapur","404.5","49.7","34.3","31.93","6.14","59.51","4.74","18.58","193.11","214.88","111.3"
"2005","2011","5","Karnataka","Chikkaballapur","404.5","49.7","34.3","31.93","4.74","55.55","6.38","9.94","205.47","215.48","104.9"
"2005","2012","5","Karnataka","Chikkaballapur","404.5","49.7","34.3","31.93","4.74","55.55","20.46","44.95","156.38","218.07","139.5"
"2005","2013","5","Karnataka","Chikkaballapur","404.5","49.7","34.3","31.93","4.74","55.55","16.98","13.56","191.25","210.48","110.1"
"2005","2014","5","Karnataka","Chikkaballapur","404.5","49.7","34.3","32.74","4.74","55.55","13.55","9.77","197.66","212.97","107.7"
"2005","2015","5","Karnataka","Chikkaballapur","404.5","49.7","34.3","32.74","4.74","55.55","13.15","13.33","194.5","216.9","111.5"
"2005","2016","5","Karnataka","Chikkaballapur","404.5","49.7","34.3","32.74","4.74","55.55","10.31","7.96","202.7","213.4","105.3"
"2005","2017","5","Karnataka","Chikkaballapur","404.5","49.7","34.3","32.74","4.74","55.55","12.0","9.66","199.32","221.89","111.3"
"2025","2010","5","Karnataka","Yadagiri","516.09","33.77","27.97","29.6","2.39","11.76","5.13","82.82","321.94","410.81","127.6"
"2025","2011","5","Karnataka","Yadagiri","516.09","33.77","27.97","29.61","2.39","11.76","5.13","101.21","303.52","374.32","123.3"
"2025","2012","5","Karnataka","Yadagiri","516.09","33.77","27.97","29.61","2.39","11.76","5.13","113.9","290.83","358.85","123.4"
"2025","2013","5","Karnataka","Yadagiri","516.09","33.77","27.95","29.62","2.39","11.76","4.35","66.03","339.49","418.45","123.3"
"2025","2014","5","Karnataka","Yadagiri","516.09","33.77","27.95","29.62","2.39","11.76","5.11","105.21","299.54","373.62","124.7"
"2025","2015","5","Karnataka","Yadagiri","516.09","33.77","27.95","29.62","2.39","11.76","4.14","76.76","328.96","406.64","123.6"
"2025","2016","5","Karnataka","Yadagiri","516.09","33.77","27.95","31.17","2.39","11.76","4.81","68.28","335.23","402.9","120.2"
"2025","2017","5","Karnataka","Yadagiri","516.09","33.77","27.95","32.73","2.39","11.76","31.72","61.62","313.42","388.44","123.9"