"Dist Code","Year","State Code","State Name","Dist Name","JANUARY MINIMUM (Centigrate)","FEBRUARY MINIMUM (Centigrate)","MARCH MINIMUM (Centigrate)","APRIL MINIMUM (Centigrate)","MAY MINIMUM (Centigrate)","JUNE MINIMUM (Centigrate)","JULY MINIMUM (Centigrate)","AUGUST MINIMUM (Centigrate)","SEPTEMBER MINIMUM (Centigrate)","OCTOBER MINIMUM (Centigrate)","NOVEMBER MINIMUM (Centigrate)","DECEMBER MINIMUM (Centigrate)"
"65","2000","5","Karnataka","Kolar","15.75","17.6","18.4","21.67","21.55","20.71","19.88","20.41","20.33","19.1","17.18","14.77"
"65","2001","5","Karnataka","Kolar","15.52","17.94","19.44","20.43","22.67","20.95","20.83","20.57","20.19","19.07","17.71","15.47"
"65","2002","5","Karnataka","Kolar","15.65","16.27","19.39","22.14","22.36","21.15","21.42","20.97","21.52","19.82","17.65","16.21"
"65","2003","5","Karnataka","Kolar","15.96","17.8","19.41","22.11","24.21","22.33","20.44","20.4","21.46","19.77","17.98","16.2"
"65","2004","5","Karnataka","Kolar","15.65","16.64","19.49","22.29","19.64","20.82","20.3","21.2","19.66","19.15","17.1","16.03"
"65","2005","5","Karnataka","Kolar","16.42","17.31","19.63","20.95","22.63","21.52","20.46","20.67","19.91","18.92","16.16","15.19"
"65","2006","5","Karnataka","Kolar","15.14","15.71","18.69","22.02","22.18","21.16","21.51","21.24","20.5","19.89","17.59","15.59"
"65","2007","5","Karnataka","Kolar","15.51","16.43","19.35","21.49","22.56","20.62","20.79","19.96","20.01","19.83","17.24","15.61"
"65","2008","5","Karnataka","Kolar","15.37","16.81","17.04","21.27","22.4","21.48","20.79","20.11","19.9","19.08","17.68","15.73"
"65","2009","5","Karnataka","Kolar","15.26","17.28","19.08","22.18","22.21","21.34","21.29","21.27","20.26","20.84","18.31","16.28"
"65","2010","5","Karnataka","Kolar","16.04","17.4","20.11","22.75","22.79","21.5","20.04","20.23","20.14","19.89","17.75","15.3"
"65","2011","5","Karnataka","Kolar","15.13","15.86","18.87","20.75","22.39","21.56","20.84","20.38","21.32","19.88","17.14","15.48"
"65","2012","5","Karnataka","Kolar","15.13","16.8","19.89","21.76","22.66","22.32","21.28","20.82","21.14","19.74","18.39","16.83"
"65","2013","5","Karnataka","Kolar","16.41","17.1","19.51","22.58","22.87","21.1","20.05","20.77","19.66","20.11","18.27","16.04"
"65","2014","5","Karnataka","Kolar","18.86","16.52","18.83","22.54","22.47","22.64","21.33","20.86","20.88","19.96","17.76","16.57"
"65","2015","5","Karnataka","Kolar","18.86","16.52","18.83","22.54","22.47","22.64","21.33","20.86","20.88","19.96","17.11","16.77"
"66","2000","5","Karnataka","Tumkur","16.75","18.61","19.18","21.86","21.12","20.31","19.78","20.24","20.11","19.54","17.69","15.48"
"66","2001","5","Karnataka","Tumkur","16.66","18.89","20.06","21.1","21.99","20.48","20.23","19.93","19.85","19.28","18.61","16.24"
"66","2002","5","Karnataka","Tumkur","16.63","17.64","20.58","22.62","22.1","20.77","20.96","20.21","20.63","20.25","18.41","16.88"
"66","2003","5","Karnataka","Tumkur","17.16","19.32","20.48","22.47","23.68","22.35","21.14","20.59","20.41","19.97","18.71","16.79"
"66","2004","5","Karnataka","Tumkur","16.74","18.11","20.61","22.13","19.9","20.32","20.34","19.92","19.65","19.63","18.26","16.69"
"66","2005","5","Karnataka","Tumkur","17.45","18.62","20.37","21.7","22.9","21.16","20.22","20.1","19.55","19.2","17.04","16.33"
"66","2006","5","Karnataka","Tumkur","16.42","17.2","19.23","22.28","21.94","20.94","20.44","20.4","20.26","20.4","18.46","16.25"
"66","2007","5","Karnataka","Tumkur","16.58","17.63","20.65","22.3","22.11","21.03","20.69","20.03","19.37","19.8","17.7","16.58"
"66","2008","5","Karnataka","Tumkur","16.43","18.06","18.09","21.82","21.7","20.61","20.92","20.06","19.46","19.55","18.19","16.71"
"66","2009","5","Karnataka","Tumkur","16.3","18.77","19.86","22.45","22.03","21.12","20.32","20.87","19.65","20.23","18.87","17.34"
"66","2010","5","Karnataka","Tumkur","16.89","18.79","20.96","22.68","22.57","21.5","20.27","20.4","20.04","19.94","18.29","16.03"
"66","2011","5","Karnataka","Tumkur","15.91","16.89","19.85","21.13","21.7","20.65","20.34","20.21","20.09","20.38","17.98","16.6"
"66","2012","5","Karnataka","Tumkur","16.64","18.52","20.67","21.9","22.14","21.54","20.98","20.41","20.21","20.12","18.53","17.55"
"66","2013","5","Karnataka","Tumkur","17.6","18.41","20.52","23.0","22.59","20.17","19.59","20.16","19.42","20.11","18.8","16.45"
"66","2014","5","Karnataka","Tumkur","18.78","18.04","20.09","22.86","22.11","22.01","20.44","20.51","20.02","20.12","18.14","17.0"
"66","2015","5","Karnataka","Tumkur","18.78","18.04","20.09","22.86","22.11","22.01","20.44","20.51","20.02","20.12","18.23","17.99"
"67","2000","5","Karnataka","Mysore","17.47","19.22","19.84","21.54","20.92","20.22","19.41","19.91","19.84","19.46","18.26","16.21"
"67","2001","5","Karnataka","Mysore","17.84","19.02","20.29","20.98","20.93","19.67","19.59","19.19","19.51","19.31","18.64","16.99"
"67","2002","5","Karnataka","Mysore","17.47","18.67","20.8","21.76","21.78","20.33","20.41","19.54","19.64","19.61","18.86","17.36"
"67","2003","5","Karnataka","Mysore","18.04","19.62","20.59","21.67","22.34","21.41","20.54","20.52","19.98","19.35","18.77","17.44"
"67","2004","5","Karnataka","Mysore","17.59","18.88","20.99","21.71","19.57","19.91","19.84","19.39","19.37","19.32","18.44","17.26"
"67","2005","5","Karnataka","Mysore","17.83","19.14","20.54","21.25","21.8","20.75","19.91","19.83","19.14","19.25","17.73","16.79"
"67","2006","5","Karnataka","Mysore","17.35","18.19","19.77","21.61","20.9","20.41","19.88","20.0","19.61","19.81","18.77","16.65"
"67","2007","5","Karnataka","Mysore","17.41","18.41","20.73","21.84","21.61","20.7","20.0","19.78","19.18","19.3","18.25","17.1"
"67","2008","5","Karnataka","Mysore","17.09","19.07","19.2","21.54","21.06","20.1","20.25","19.97","19.53","19.45","18.49","17.34"
"67","2009","5","Karnataka","Mysore","17.31","19.32","19.89","21.77","21.43","20.81","19.57","20.78","19.61","19.52","19.21","18.1"
"67","2010","5","Karnataka","Mysore","17.98","19.31","21.3","22.2","22.06","20.75","19.76","19.91","19.8","19.29","18.66","16.5"
"67","2011","5","Karnataka","Mysore","17.16","17.79","20.41","20.89","21.02","20.03","19.97","19.82","19.14","19.91","18.52","17.19"
"67","2012","5","Karnataka","Mysore","17.27","19.33","20.92","21.52","21.32","20.67","20.42","19.87","19.62","19.67","18.98","18.47"
"67","2013","5","Karnataka","Mysore","18.49","19.26","20.68","22.67","21.69","19.45","19.31","19.95","19.29","19.58","18.98","17.2"
"67","2014","5","Karnataka","Mysore","18.73","18.79","21.01","22.21","21.91","21.61","20.02","20.28","19.54","19.71","18.3","17.7"
"67","2015","5","Karnataka","Mysore","18.73","18.79","21.01","22.21","21.91","21.61","20.02","20.28","19.54","19.71","19.01","18.56"
"68","2000","5","Karnataka","Mandya","16.92","18.66","19.4","21.51","20.75","20.11","19.53","20.07","19.98","19.48","18.04","15.74"
"68","2001","5","Karnataka","Mandya","17.14","18.74","19.97","20.77","21.13","19.86","19.87","19.49","19.65","19.37","18.55","16.5"
"68","2002","5","Karnataka","Mandya","16.9","17.85","20.45","21.93","21.7","20.45","20.7","19.86","20.13","19.85","18.72","17.14"
"68","2003","5","Karnataka","Mandya","17.46","19.22","20.34","21.82","22.8","21.61","20.75","20.51","20.16","19.53","18.55","17.07"
"68","2004","5","Karnataka","Mandya","17.0","18.25","20.68","21.73","19.39","19.94","20.08","19.7","19.42","19.26","18.12","16.8"
"68","2005","5","Karnataka","Mandya","17.37","18.51","20.34","21.02","21.84","20.7","20.06","19.97","19.34","19.25","17.38","16.45"
"68","2006","5","Karnataka","Mandya","16.72","17.38","19.47","21.78","20.98","20.5","20.16","20.25","19.95","20.01","18.56","16.3"
"68","2007","5","Karnataka","Mandya","16.81","17.79","20.51","21.74","21.65","20.72","20.28","19.85","19.41","19.56","18.03","16.68"
"68","2008","5","Karnataka","Mandya","16.61","18.37","18.54","21.51","21.0","20.12","20.42","19.99","19.53","19.33","18.28","16.88"
"68","2009","5","Karnataka","Mandya","16.6","18.74","19.77","21.85","21.52","20.8","19.85","20.88","19.67","19.8","19.13","17.66"
"68","2010","5","Karnataka","Mandya","17.44","18.73","21.03","22.18","22.07","20.84","19.84","20.15","19.93","19.55","18.54","16.2"
"68","2011","5","Karnataka","Mandya","16.51","17.07","20.04","20.77","20.97","20.17","20.18","19.96","19.62","19.99","18.18","16.7"
"68","2012","5","Karnataka","Mandya","16.67","18.59","20.78","21.58","21.29","20.93","20.67","20.08","20.0","19.65","18.93","18.0"
"68","2013","5","Karnataka","Mandya","17.9","18.66","20.5","22.65","21.75","19.68","19.5","20.13","19.45","19.87","18.9","16.84"
"68","2014","5","Karnataka","Mandya","18.72","18.19","20.45","22.39","21.81","21.67","20.28","20.39","19.73","19.74","18.16","17.45"
"68","2015","5","Karnataka","Mandya","18.72","18.19","20.45","22.39","21.81","21.67","20.28","20.39","19.73","19.74","18.61","18.12"
"69","2000","5","Karnataka","Hassan","15.82","17.39","18.03","20.29","19.7","19.33","18.66","19.27","18.92","18.54","16.95","14.65"
"69","2001","5","Karnataka","Hassan","16.0","17.24","18.64","19.82","19.97","18.97","18.85","18.58","18.64","18.18","17.56","15.6"
"69","2002","5","Karnataka","Hassan","15.59","16.89","19.27","20.53","20.74","19.54","19.62","18.86","18.75","18.77","17.61","15.95"
"69","2003","5","Karnataka","Hassan","16.36","18.05","19.18","20.37","21.42","20.89","20.14","19.92","19.03","18.44","17.74","16.01"
"69","2004","5","Karnataka","Hassan","15.82","17.25","19.34","20.39","18.71","19.12","19.07","18.5","18.47","18.42","17.46","15.89"
"69","2005","5","Karnataka","Hassan","16.24","17.46","18.93","20.17","21.04","20.07","19.21","18.99","18.22","18.16","16.42","15.39"
"69","2006","5","Karnataka","Hassan","15.73","16.5","17.91","20.48","20.23","19.66","19.03","19.26","18.95","19.0","17.57","15.34"
"69","2007","5","Karnataka","Hassan","15.78","16.6","19.2","20.76","20.64","20.01","19.44","19.16","18.14","18.27","16.78","15.73"
"69","2008","5","Karnataka","Hassan","15.37","17.17","17.53","20.25","19.96","19.2","19.67","19.25","18.54","18.46","17.23","15.81"
"69","2009","5","Karnataka","Hassan","15.54","17.61","18.25","20.54","20.45","20.0","18.88","20.04","18.67","18.51","17.97","16.62"
"69","2010","5","Karnataka","Hassan","16.02","17.58","19.53","20.79","20.96","20.08","19.16","19.36","18.86","18.35","17.48","14.97"
"69","2011","5","Karnataka","Hassan","15.2","15.92","18.79","19.7","20.05","19.26","19.32","19.28","18.34","19.07","17.31","15.89"
"69","2012","5","Karnataka","Hassan","15.67","17.68","19.25","20.17","20.39","19.95","19.67","19.19","18.65","18.71","17.52","16.82"
"69","2013","5","Karnataka","Hassan","16.71","17.55","19.05","21.29","20.77","18.73","18.58","19.12","18.4","18.55","17.7","15.6"
"69","2014","5","Karnataka","Hassan","16.92","16.98","19.33","20.85","20.77","20.74","19.19","19.63","18.64","18.66","16.96","16.07"
"69","2015","5","Karnataka","Hassan","16.92","16.98","19.33","20.85","20.77","20.74","19.19","19.63","18.64","18.66","17.87","17.3"
"70","2000","5","Karnataka","Shimoge","16.21","17.31","18.34","21.82","21.06","20.45","19.76","20.33","19.91","19.79","17.13","14.68"
"70","2001","5","Karnataka","Shimoge","16.13","17.29","18.99","21.12","21.46","20.22","19.79","19.74","19.76","19.09","17.95","15.62"
"70","2002","5","Karnataka","Shimoge","15.38","17.41","19.75","21.44","22.0","20.68","20.32","20.01","19.47","19.82","17.74","15.52"
"70","2003","5","Karnataka","Shimoge","16.55","18.14","20.04","21.67","22.75","21.79","21.02","20.88","19.6","19.47","18.42","15.75"
"70","2004","5","Karnataka","Shimoge","15.82","17.7","19.9","21.78","20.89","20.56","19.96","19.79","19.47","19.68","17.94","15.73"
"70","2005","5","Karnataka","Shimoge","16.36","17.61","19.38","21.49","22.52","21.54","20.45","20.22","19.25","19.18","16.9","15.04"
"70","2006","5","Karnataka","Shimoge","16.23","17.17","18.46","21.68","21.81","20.89","20.14","20.28","19.87","19.66","17.83","15.22"
"70","2007","5","Karnataka","Shimoge","16.04","16.84","19.5","22.11","22.12","21.42","20.46","20.27","19.15","19.16","16.95","15.54"
"70","2008","5","Karnataka","Shimoge","15.38","16.79","18.22","21.0","21.28","20.41","20.46","20.24","19.5","19.82","17.44","15.68"
"70","2009","5","Karnataka","Shimoge","15.89","17.72","18.97","21.45","21.77","20.98","20.08","21.01","19.85","19.49","17.97","16.0"
"70","2010","5","Karnataka","Shimoge","15.58","17.41","19.72","21.95","22.71","21.26","20.05","20.57","19.67","19.36","17.65","14.5"
"70","2011","5","Karnataka","Shimoge","14.96","16.2","19.4","20.92","21.76","20.49","20.22","20.36","19.17","20.2","17.93","15.82"
"70","2012","5","Karnataka","Shimoge","15.62","17.91","19.43","21.35","22.12","20.86","20.39","20.23","19.34","19.69","17.33","16.26"
"70","2013","5","Karnataka","Shimoge","16.64","17.85","19.77","22.13","22.39","19.99","19.59","20.02","19.53","19.29","17.55","15.13"
"70","2014","5","Karnataka","Shimoge","16.72","17.02","19.69","21.98","22.28","21.93","20.27","20.79","19.57","19.65","16.9","15.39"
"70","2015","5","Karnataka","Shimoge","16.72","17.02","19.69","21.98","22.28","21.93","20.27","20.79","19.57","19.65","18.46","17.09"
"71","2000","5","Karnataka","Chickmagalur","15.49","16.89","17.45","20.06","19.39","19.15","18.63","19.2","18.73","18.47","16.52","14.15"
"71","2001","5","Karnataka","Chickmagalur","15.49","16.7","18.14","19.49","19.76","18.81","18.71","18.54","18.5","17.92","17.18","15.11"
"71","2002","5","Karnataka","Chickmagalur","14.99","16.56","18.8","20.08","20.32","19.32","19.34","18.82","18.44","18.64","17.1","15.21"
"71","2003","5","Karnataka","Chickmagalur","15.95","17.61","18.91","20.02","21.06","20.61","20.02","19.8","18.63","18.3","17.55","15.38"
"71","2004","5","Karnataka","Chickmagalur","15.35","16.95","18.85","20.12","18.77","19.07","18.88","18.48","18.26","18.39","17.19","15.37"
"71","2005","5","Karnataka","Chickmagalur","15.84","17.01","18.4","19.95","20.89","20.05","19.21","18.97","18.05","17.97","16.13","14.79"
"71","2006","5","Karnataka","Chickmagalur","15.49","16.25","17.37","20.16","20.08","19.53","19.0","19.18","18.79","18.7","17.19","14.89"
"71","2007","5","Karnataka","Chickmagalur","15.43","16.2","18.64","20.51","20.45","19.93","19.38","19.11","17.9","18.05","16.29","15.18"
"71","2008","5","Karnataka","Chickmagalur","14.91","16.43","17.11","19.66","19.62","19.08","19.5","19.1","18.3","18.45","16.8","15.22"
"71","2009","5","Karnataka","Chickmagalur","15.2","17.11","17.87","20.07","20.12","19.7","18.91","19.88","18.54","18.37","17.47","15.89"
"71","2010","5","Karnataka","Chickmagalur","15.31","17.0","18.86","20.37","20.83","19.9","19.03","19.34","18.57","18.19","17.03","14.37"
"71","2011","5","Karnataka","Chickmagalur","14.61","15.55","18.36","19.4","19.97","19.15","19.17","19.23","18.1","18.99","17.06","15.41"
"71","2012","5","Karnataka","Chickmagalur","15.24","17.29","18.62","19.8","20.27","19.61","19.43","19.09","18.31","18.54","16.79","16.01"
"71","2013","5","Karnataka","Chickmagalur","16.19","17.16","18.67","20.79","20.63","18.62","18.5","18.94","18.27","18.27","17.14","14.92"
"71","2014","5","Karnataka","Chickmagalur","16.34","16.52","18.8","20.51","20.55","20.55","19.11","19.59","18.48","18.51","16.47","15.28"
"71","2015","5","Karnataka","Chickmagalur","16.34","16.52","18.8","20.51","20.55","20.55","19.11","19.59","18.48","18.51","17.53","16.7"
"72","2000","5","Karnataka","Chitradurga","17.65","19.54","20.15","22.73","21.6","20.74","20.45","20.74","20.62","20.29","18.23","16.11"
"72","2001","5","Karnataka","Chitradurga","17.43","19.93","21.21","22.18","22.57","21.01","20.92","20.45","20.46","19.79","19.42","17.01"
"72","2002","5","Karnataka","Chitradurga","17.42","18.88","21.77","23.57","22.69","21.23","21.59","20.61","21.07","20.93","19.17","17.59"
"72","2003","5","Karnataka","Chitradurga","18.13","20.63","21.79","23.05","24.1","22.81","22.2","21.48","20.98","20.73","19.62","17.49"
"72","2004","5","Karnataka","Chitradurga","17.66","19.44","21.82","22.71","20.68","20.71","21.06","20.27","20.27","20.33","19.22","17.42"
"72","2005","5","Karnataka","Chitradurga","18.4","19.82","21.43","22.66","23.56","21.81","20.85","20.51","19.91","19.89","17.72","17.1"
"72","2006","5","Karnataka","Chitradurga","17.36","18.52","20.04","23.01","22.63","21.29","20.84","20.82","20.84","21.08","19.23","17.04"
"72","2007","5","Karnataka","Chitradurga","17.56","18.7","21.78","23.13","22.66","21.64","21.39","20.7","19.74","20.33","18.22","17.46"
"72","2008","5","Karnataka","Chitradurga","17.23","19.14","19.27","22.37","22.3","21.07","21.86","20.82","19.99","20.38","18.92","17.39"
"72","2009","5","Karnataka","Chitradurga","17.25","20.01","20.98","23.21","22.53","21.6","20.85","21.45","20.18","20.51","19.37","17.94"
"72","2010","5","Karnataka","Chitradurga","17.54","20.01","21.94","23.45","22.91","22.01","21.03","21.0","20.55","20.45","19.02","16.62"
"72","2011","5","Karnataka","Chitradurga","16.64","17.95","20.92","21.94","22.48","21.03","21.05","20.92","20.57","21.04","18.86","17.54"
"72","2012","5","Karnataka","Chitradurga","17.67","19.8","21.56","22.45","22.72","21.94","21.58","21.12","20.62","20.64","18.79","18.18"
"72","2013","5","Karnataka","Chitradurga","18.52","19.59","21.58","23.52","23.21","20.59","20.27","20.75","19.94","20.53","19.25","16.94"
"72","2014","5","Karnataka","Chitradurga","19.57","19.05","21.11","23.37","22.33","22.35","20.84","21.06","20.56","20.7","18.7","17.51"
"72","2015","5","Karnataka","Chitradurga","19.57","19.05","21.11","23.37","22.33","22.35","20.84","21.06","20.56","20.7","19.37","18.99"
"73","2000","5","Karnataka","Bellary","17.84","19.55","20.48","23.77","22.21","21.15","20.89","21.11","21.05","20.85","18.4","16.53"
"73","2001","5","Karnataka","Bellary","17.55","20.33","21.95","23.27","23.53","21.89","21.74","20.95","21.09","20.21","19.94","17.16"
"73","2002","5","Karnataka","Bellary","17.53","19.16","22.3","24.65","23.3","21.64","22.05","21.11","21.82","21.52","19.56","17.82"
"73","2003","5","Karnataka","Bellary","18.28","20.85","22.38","24.21","24.99","23.37","22.57","21.98","21.64","21.59","20.02","17.47"
"73","2004","5","Karnataka","Bellary","17.77","19.7","22.53","23.45","21.28","21.3","21.69","21.06","21.02","20.99","19.64","17.47"
"73","2005","5","Karnataka","Bellary","18.59","20.12","22.0","23.42","24.01","22.63","21.23","20.98","20.39","20.57","18.04","17.16"
"73","2006","5","Karnataka","Bellary","17.4","18.91","20.63","23.77","23.01","21.68","21.4","21.29","21.25","21.48","19.56","17.11"
"73","2007","5","Karnataka","Bellary","17.66","18.86","22.27","23.71","23.21","22.05","21.85","21.1","20.28","20.93","18.63","17.81"
"73","2008","5","Karnataka","Bellary","17.34","19.26","19.62","22.9","23.19","21.78","22.59","21.41","20.57","21.18","19.28","17.68"
"73","2009","5","Karnataka","Bellary","17.47","20.42","21.64","24.05","23.12","22.21","21.51","21.94","20.69","20.71","19.45","17.74"
"73","2010","5","Karnataka","Bellary","17.44","20.1","22.44","24.64","23.58","22.63","21.31","21.39","20.98","21.08","19.42","16.64"
"73","2011","5","Karnataka","Bellary","16.62","18.19","21.34","22.64","23.33","21.64","21.57","21.32","21.34","21.55","19.47","17.78"
"73","2012","5","Karnataka","Bellary","17.81","19.91","21.85","23.1","23.4","22.58","22.0","21.88","21.33","21.04","18.85","18.29"
"73","2013","5","Karnataka","Bellary","18.68","19.79","22.14","24.08","24.03","21.16","20.72","21.3","20.45","20.95","19.11","16.74"
"73","2014","5","Karnataka","Bellary","20.24","18.99","21.02","23.87","22.43","23.01","21.3","21.54","21.2","21.52","18.93","17.55"
"73","2015","5","Karnataka","Bellary","20.24","18.99","21.02","23.87","22.43","23.01","21.3","21.54","21.2","21.52","20.3","19.32"
"74","2000","5","Karnataka","Dharwad","16.42","17.77","19.11","22.38","20.56","20.42","20.2","20.22","20.16","20.1","17.38","15.37"
"74","2001","5","Karnataka","Dharwad","16.4","18.51","19.85","21.76","21.36","20.8","20.45","20.07","20.22","19.34","18.89","16.14"
"74","2002","5","Karnataka","Dharwad","15.55","18.28","20.9","22.33","22.02","20.85","20.97","20.1","20.22","20.29","18.48","16.44"
"74","2003","5","Karnataka","Dharwad","16.91","19.19","21.17","22.01","22.92","22.02","21.64","21.02","20.23","20.22","19.22","16.39"
"74","2004","5","Karnataka","Dharwad","16.07","18.52","21.31","22.12","20.79","20.55","20.71","19.89","19.95","19.87","18.68","16.13"
"74","2005","5","Karnataka","Dharwad","16.79","18.44","20.46","21.73","22.51","21.73","20.76","20.25","19.6","19.58","17.16","15.59"
"74","2006","5","Karnataka","Dharwad","16.17","18.05","19.56","22.05","21.46","20.83","20.35","20.0","20.22","20.22","18.49","15.75"
"74","2007","5","Karnataka","Dharwad","16.43","17.43","20.61","22.34","21.69","21.59","21.02","20.38","19.64","19.86","17.59","16.46"
"74","2008","5","Karnataka","Dharwad","15.61","17.48","19.19","21.11","21.27","20.64","21.14","20.46","19.77","20.16","18.14","16.47"
"74","2009","5","Karnataka","Dharwad","16.25","18.75","20.31","22.14","21.77","21.2","20.34","20.9","20.16","19.53","18.2","16.34"
"74","2010","5","Karnataka","Dharwad","15.75","18.37","20.96","22.7","22.42","21.65","20.61","20.69","20.11","19.78","18.46","14.97"
"74","2011","5","Karnataka","Dharwad","15.0","16.68","20.34","21.07","21.66","20.53","20.66","20.38","19.83","20.32","18.53","16.56"
"74","2012","5","Karnataka","Dharwad","15.89","18.53","20.24","21.64","21.73","21.38","20.92","20.66","19.91","19.91","18.14","17.0"
"74","2013","5","Karnataka","Dharwad","17.02","18.54","20.79","22.14","22.2","20.19","19.9","20.22","19.83","19.63","17.85","15.44"
"74","2014","5","Karnataka","Dharwad","17.74","17.35","20.2","21.98","21.32","22.07","20.53","20.64","20.03","19.94","17.44","15.77"
"74","2015","5","Karnataka","Dharwad","17.74","17.35","20.2","21.98","21.32","22.07","20.53","20.64","20.03","19.94","19.62","18.09"
"75","2000","5","Karnataka","Belgaum","15.59","16.48","17.86","22.12","20.71","20.52","20.17","20.24","19.81","19.93","16.69","14.76"
"75","2001","5","Karnataka","Belgaum","15.51","17.43","18.57","21.47","21.47","21.09","20.45","20.18","20.01","18.99","18.12","15.3"
"75","2002","5","Karnataka","Belgaum","14.4","17.24","19.77","22.04","22.3","20.93","20.88","20.2","20.11","19.94","17.78","15.71"
"75","2003","5","Karnataka","Belgaum","15.95","18.05","19.92","21.66","22.97","22.33","21.5","20.98","19.99","19.99","18.46","15.51"
"75","2004","5","Karnataka","Belgaum","15.16","17.34","20.36","21.75","21.0","20.67","20.74","19.94","19.77","19.41","17.92","15.11"
"75","2005","5","Karnataka","Belgaum","15.67","17.17","19.12","21.33","22.66","22.16","20.65","20.35","19.46","19.28","16.54","14.88"
"75","2006","5","Karnataka","Belgaum","15.19","17.16","18.56","21.67","21.37","20.92","20.23","19.91","20.03","19.95","17.91","15.17"
"75","2007","5","Karnataka","Belgaum","15.67","16.38","19.5","21.89","22.0","21.57","21.03","20.53","19.54","19.86","17.11","15.9"
"75","2008","5","Karnataka","Belgaum","14.76","16.31","18.24","20.76","21.45","20.92","21.03","20.55","19.54","19.78","17.59","15.71"
"75","2009","5","Karnataka","Belgaum","15.43","17.7","19.28","21.95","22.2","21.44","20.21","20.8","19.98","19.23","17.57","15.64"
"75","2010","5","Karnataka","Belgaum","14.99","17.33","19.94","22.49","23.1","21.91","20.69","20.77","19.98","19.52","18.16","14.48"
"75","2011","5","Karnataka","Belgaum","14.38","15.73","19.3","20.78","21.77","20.69","20.55","20.28","19.65","19.77","17.81","15.8"
"75","2012","5","Karnataka","Belgaum","14.86","17.23","18.95","21.36","21.6","21.54","20.86","20.78","19.83","19.56","17.68","16.31"
"75","2013","5","Karnataka","Belgaum","16.09","17.34","19.47","21.52","22.34","20.44","19.74","20.32","19.64","19.41","17.17","14.62"
"75","2014","5","Karnataka","Belgaum","17.26","16.03","18.78","21.36","21.33","22.22","20.43","20.68","20.0","19.73","17.06","14.96"
"75","2015","5","Karnataka","Belgaum","17.26","16.03","18.78","21.36","21.33","22.22","20.43","20.68","20.0","19.73","19.21","17.34"
"77","2000","5","Karnataka","Bidar","16.28","18.25","20.13","25.78","25.0","22.05","21.5","21.29","21.06","21.17","16.7","14.67"
"77","2001","5","Karnataka","Bidar","16.4","19.46","21.67","24.07","26.75","23.17","22.35","20.86","21.87","19.99","18.05","15.22"
"77","2002","5","Karnataka","Bidar","15.62","19.25","22.37","25.96","26.06","22.55","22.79","21.22","22.1","20.88","17.42","16.37"
"77","2003","5","Karnataka","Bidar","16.86","20.26","22.03","25.29","27.93","25.11","22.03","21.72","21.7","21.23","18.02","15.36"
"77","2004","5","Karnataka","Bidar","16.29","18.62","23.08","25.25","24.28","23.27","22.14","21.88","21.32","19.79","17.75","15.07"
"77","2005","5","Karnataka","Bidar","16.33","18.72","21.56","24.31","26.71","25.31","21.47","20.83","20.71","19.75","15.62","14.39"
"77","2006","5","Karnataka","Bidar","15.43","18.65","20.19","24.73","24.76","23.0","21.82","21.3","21.15","20.23","17.61","15.4"
"77","2007","5","Karnataka","Bidar","16.14","18.16","21.84","24.41","26.52","22.92","22.68","21.8","20.89","20.27","16.75","16.14"
"77","2008","5","Karnataka","Bidar","15.91","18.06","20.1","24.09","26.27","24.27","22.94","21.47","20.64","20.06","17.57","15.96"
"77","2009","5","Karnataka","Bidar","16.71","19.99","21.54","25.53","27.05","25.24","22.53","22.6","22.0","20.36","18.17","16.02"
"77","2010","5","Karnataka","Bidar","15.8","19.52","23.05","26.34","27.44","24.28","21.53","21.73","21.21","20.67","18.9","14.76"
"77","2011","5","Karnataka","Bidar","15.0","18.08","21.54","23.23","26.05","23.77","22.14","21.49","21.53","21.09","18.06","15.75"
"77","2012","5","Karnataka","Bidar","16.48","18.93","21.47","24.9","27.02","24.89","21.97","21.59","21.65","20.03","17.57","16.71"
"77","2013","5","Karnataka","Bidar","17.32","18.68","21.97","24.94","27.29","22.25","21.01","21.49","21.49","20.18","17.0","14.62"
"77","2014","5","Karnataka","Bidar","20.02","17.69","19.68","24.13","25.25","25.88","22.38","22.44","21.47","21.29","17.72","15.1"
"77","2015","5","Karnataka","Bidar","20.02","17.69","19.68","24.13","25.25","25.88","22.38","22.44","21.47","21.29","19.47","17.9"
"78","2000","5","Karnataka","Raichur","18.29","20.01","21.13","25.28","23.97","22.61","22.25","22.36","22.18","22.19","19.06","17.14"
"78","2001","5","Karnataka","Raichur","18.01","20.73","22.75","24.64","25.6","23.84","23.62","22.38","22.68","21.39","20.96","17.66"
"78","2002","5","Karnataka","Raichur","17.91","19.82","23.14","26.39","24.96","22.85","23.34","22.63","23.64","22.84","20.32","18.49"
"78","2003","5","Karnataka","Raichur","18.82","21.36","23.04","25.87","27.22","25.65","23.1","22.79","22.95","22.93","20.66","17.7"
"78","2004","5","Karnataka","Raichur","18.17","20.11","23.5","24.7","22.69","23.34","22.95","23.0","22.72","22.37","20.51","17.87"
"78","2005","5","Karnataka","Raichur","18.9","20.58","22.69","24.61","25.77","24.63","22.49","22.28","22.07","21.91","18.91","17.42"
"78","2006","5","Karnataka","Raichur","17.8","19.68","21.34","25.35","24.22","23.56","23.13","23.08","22.8","22.9","20.35","17.66"
"78","2007","5","Karnataka","Raichur","18.23","19.39","23.11","24.87","25.24","23.11","23.28","22.36","21.5","22.3","19.39","18.45"
"78","2008","5","Karnataka","Raichur","17.86","19.7","20.29","24.4","25.36","23.97","24.23","22.64","21.92","22.65","20.16","18.22"
"78","2009","5","Karnataka","Raichur","18.09","21.14","22.3","25.76","25.39","23.91","23.39","23.58","22.14","21.86","20.28","18.09"
"78","2010","5","Karnataka","Raichur","17.96","20.49","23.33","26.35","25.79","24.3","22.02","22.65","21.99","22.29","20.3","16.96"
"78","2011","5","Karnataka","Raichur","17.04","18.9","22.19","24.03","25.27","23.77","23.49","22.76","23.12","23.14","20.54","18.42"
"78","2012","5","Karnataka","Raichur","18.39","20.36","22.64","24.53","25.09","24.68","23.48","23.43","22.97","21.99","19.75","18.81"
"78","2013","5","Karnataka","Raichur","19.32","20.18","22.9","25.34","26.08","22.79","22.06","22.49","21.98","22.4","19.43","16.85"
"78","2014","5","Karnataka","Raichur","21.21","19.2","21.27","24.98","23.51","25.35","22.97","23.26","22.82","23.31","19.89","17.95"
"78","2015","5","Karnataka","Raichur","21.21","19.2","21.27","24.98","23.51","25.35","22.97","23.26","22.82","23.31","21.67","19.93"
"79","2000","5","Karnataka","Gulbarga","16.94","18.87","20.63","26.33","25.33","22.56","21.87","21.73","21.45","21.57","17.48","15.54"
"79","2001","5","Karnataka","Gulbarga","16.97","19.94","22.23","25.13","26.92","23.68","23.01","21.44","22.25","20.56","19.2","16.03"
"79","2002","5","Karnataka","Gulbarga","16.39","19.56","22.86","27.03","26.23","22.81","22.88","21.85","22.88","21.67","18.47","17.0"
"79","2003","5","Karnataka","Gulbarga","17.56","20.68","22.53","26.21","28.5","25.6","22.44","22.14","22.09","22.16","19.1","16.13"
"79","2004","5","Karnataka","Gulbarga","16.98","19.32","23.47","25.75","24.53","23.55","22.57","22.48","22.1","20.95","18.78","16.0"
"79","2005","5","Karnataka","Gulbarga","17.31","19.58","22.12","25.17","27.1","25.3","21.89","21.36","21.15","20.45","16.87","15.44"
"79","2006","5","Karnataka","Gulbarga","16.27","19.13","20.82","25.75","24.99","23.17","22.41","22.0","21.83","21.15","18.59","16.09"
"79","2007","5","Karnataka","Gulbarga","16.95","18.61","22.49","25.31","26.67","23.3","22.99","22.11","21.07","21.13","17.77","16.94"
"79","2008","5","Karnataka","Gulbarga","16.62","18.8","20.29","25.02","26.69","24.47","23.71","21.95","21.01","20.92","18.51","16.7"
"79","2009","5","Karnataka","Gulbarga","17.16","20.42","21.92","26.38","27.37","25.01","22.94","23.14","22.14","20.99","18.82","16.67"
"79","2010","5","Karnataka","Gulbarga","16.59","19.91","23.26","27.0","27.67","24.39","21.74","22.12","21.42","21.13","19.15","15.4"
"79","2011","5","Karnataka","Gulbarga","15.78","18.43","21.99","24.26","26.4","24.06","22.84","22.03","22.1","21.98","19.02","16.65"
"79","2012","5","Karnataka","Gulbarga","17.13","19.51","22.02","25.38","26.75","25.17","22.74","22.38","22.03","20.8","18.56","17.46"
"79","2013","5","Karnataka","Gulbarga","18.14","19.38","22.53","25.8","27.54","22.67","21.38","22.06","21.69","21.07","17.9","15.35"
"79","2014","5","Karnataka","Gulbarga","20.29","18.27","20.4","25.1","25.2","25.86","22.65","22.79","22.01","22.2","18.48","15.96"
"79","2015","5","Karnataka","Gulbarga","20.29","18.27","20.4","25.1","25.2","25.86","22.65","22.79","22.01","22.2","20.35","18.52"
"80","2000","5","Karnataka","Dakshina Kannada","20.26","21.55","22.2","24.58","23.88","22.86","21.98","22.93","22.88","22.64","21.24","19.22"
"80","2001","5","Karnataka","Dakshina Kannada","20.17","20.95","22.84","24.02","24.0","22.32","22.0","22.07","22.55","22.16","21.53","19.81"
"80","2002","5","Karnataka","Dakshina Kannada","19.47","21.21","23.19","24.03","24.45","22.74","22.41","22.43","22.22","22.61","21.52","19.6"
"80","2003","5","Karnataka","Dakshina Kannada","20.35","21.71","23.36","24.54","24.89","23.81","22.91","23.28","22.55","22.38","21.93","19.82"
"80","2004","5","Karnataka","Dakshina Kannada","19.75","21.46","23.31","24.73","23.19","22.74","22.0","22.25","22.32","22.7","21.65","19.99"
"80","2005","5","Karnataka","Dakshina Kannada","20.15","21.47","22.84","24.39","24.83","23.66","22.61","22.71","22.22","22.26","20.99","19.21"
"80","2006","5","Karnataka","Dakshina Kannada","20.04","21.0","22.31","24.32","24.02","23.0","22.58","22.85","22.63","22.45","21.64","19.48"
"80","2007","5","Karnataka","Dakshina Kannada","19.91","20.9","22.95","24.75","24.7","23.32","22.55","22.62","22.15","22.15","21.09","19.73"
"80","2008","5","Karnataka","Dakshina Kannada","19.45","20.92","22.1","23.97","23.84","22.65","22.41","22.58","22.61","22.73","21.26","19.89"
"80","2009","5","Karnataka","Dakshina Kannada","19.82","21.47","22.39","24.23","24.19","23.13","22.44","23.43","22.79","22.5","21.93","20.36"
"80","2010","5","Karnataka","Dakshina Kannada","19.84","21.2","23.27","24.74","25.36","23.24","22.23","22.72","22.63","22.36","21.56","19.15"
"80","2011","5","Karnataka","Dakshina Kannada","19.37","20.41","23.05","23.94","24.22","22.77","22.39","22.65","22.06","23.07","21.8","19.96"
"80","2012","5","Karnataka","Dakshina Kannada","19.7","21.75","22.98","24.23","24.52","22.78","22.53","22.51","22.32","22.72","21.29","20.48"
"80","2013","5","Karnataka","Dakshina Kannada","20.56","21.8","23.23","25.15","24.77","22.12","21.92","22.46","22.49","22.29","21.46","19.47"
"80","2014","5","Karnataka","Dakshina Kannada","20.53","21.14","23.36","24.73","25.2","24.1","22.65","23.21","22.6","22.79","20.96","19.88"
"80","2015","5","Karnataka","Dakshina Kannada","20.53","21.14","23.36","24.73","25.2","24.1","22.65","23.21","22.6","22.79","22.21","21.1"
"81","2000","5","Karnataka","Uttara Kannada","17.42","18.38","19.36","23.04","22.1","21.29","20.65","21.16","20.84","20.81","18.15","16.24"
"81","2001","5","Karnataka","Uttara Kannada","17.34","18.57","19.91","22.3","22.64","21.33","20.69","20.8","20.84","20.02","19.19","17.12"
"81","2002","5","Karnataka","Uttara Kannada","16.47","18.77","20.79","22.42","23.29","21.62","21.21","20.97","20.56","20.69","18.81","16.91"
"81","2003","5","Karnataka","Uttara Kannada","17.62","19.23","21.08","22.77","23.88","22.55","21.81","21.66","20.51","20.36","19.57","17.11"
"81","2004","5","Karnataka","Uttara Kannada","16.85","18.94","21.16","22.93","22.4","21.48","20.79","20.85","20.45","20.48","19.05","17.0"
"81","2005","5","Karnataka","Uttara Kannada","17.43","18.77","20.44","22.42","23.57","22.49","21.33","21.14","20.35","20.1","18.03","16.35"
"81","2006","5","Karnataka","Uttara Kannada","17.41","18.72","19.82","22.57","22.98","21.74","21.01","21.05","20.81","20.46","18.86","16.57"
"81","2007","5","Karnataka","Uttara Kannada","17.33","18.16","20.59","23.0","23.13","22.29","21.31","21.15","20.34","20.14","18.09","16.92"
"81","2008","5","Karnataka","Uttara Kannada","16.51","17.84","19.59","21.94","22.47","21.32","21.14","21.07","20.55","20.77","18.58","17.11"
"81","2009","5","Karnataka","Uttara Kannada","17.19","19.0","20.33","22.47","22.93","21.77","20.98","21.82","20.97","20.38","18.87","17.15"
"81","2010","5","Karnataka","Uttara Kannada","16.71","18.58","20.88","23.12","24.11","22.21","20.89","21.47","20.66","20.3","18.77","15.74"
"81","2011","5","Karnataka","Uttara Kannada","16.08","17.47","20.56","21.99","22.96","21.36","21.0","21.22","20.24","21.05","19.04","17.21"
"81","2012","5","Karnataka","Uttara Kannada","16.62","18.98","20.36","22.36","23.26","21.74","21.16","21.15","20.34","20.5","18.52","17.54"
"81","2013","5","Karnataka","Uttara Kannada","17.62","19.03","20.98","22.75","23.4","20.96","20.39","20.83","20.61","20.14","18.42","16.27"
"81","2014","5","Karnataka","Uttara Kannada","17.95","18.09","20.64","22.78","23.38","22.79","21.15","21.55","20.5","20.35","17.85","16.49"
"81","2015","5","Karnataka","Uttara Kannada","17.95","18.09","20.64","22.78","23.38","22.79","21.15","21.55","20.5","20.35","19.84","18.5"
"82","2000","5","Karnataka","Kodagu","16.03","17.38","17.87","19.59","19.29","18.83","18.04","18.89","18.39","18.13","17.12","15.15"
"82","2001","5","Karnataka","Kodagu","16.23","16.89","18.35","19.11","19.24","18.24","18.1","18.05","18.04","17.81","17.4","15.83"
"82","2002","5","Karnataka","Kodagu","15.68","16.96","18.78","19.41","19.97","18.76","18.72","18.4","17.89","18.16","17.53","15.89"
"82","2003","5","Karnataka","Kodagu","16.38","17.59","18.69","19.58","20.35","19.88","19.04","19.42","18.34","17.93","17.66","16.03"
"82","2004","5","Karnataka","Kodagu","15.85","17.12","18.89","19.72","18.2","18.56","18.22","18.2","17.9","18.15","17.46","16.07"
"82","2005","5","Karnataka","Kodagu","16.14","17.31","18.44","19.43","20.13","19.45","18.54","18.7","17.69","17.87","16.72","15.39"
"82","2006","5","Karnataka","Kodagu","15.83","16.57","17.82","19.44","19.27","18.95","18.5","18.85","18.12","18.23","17.56","15.47"
"82","2007","5","Karnataka","Kodagu","15.85","16.63","18.59","19.84","19.94","19.24","18.56","18.67","17.66","17.79","17.05","15.87"
"82","2008","5","Karnataka","Kodagu","15.45","17.07","17.55","19.37","19.31","18.62","18.66","18.78","18.15","18.2","17.23","16.06"
"82","2009","5","Karnataka","Kodagu","15.77","17.38","17.83","19.55","19.61","19.25","18.28","19.59","18.22","18.02","17.9","16.7"
"82","2010","5","Karnataka","Kodagu","16.14","17.28","19.06","19.99","20.48","19.24","18.36","18.73","18.28","17.87","17.46","15.24"
"82","2011","5","Karnataka","Kodagu","15.49","16.11","18.49","18.98","19.4","18.63","18.49","18.69","17.58","18.58","17.52","16.02"
"82","2012","5","Karnataka","Kodagu","15.71","17.56","18.67","19.37","19.71","18.96","18.79","18.64","17.97","18.33","17.48","16.93"
"82","2013","5","Karnataka","Kodagu","16.72","17.49","18.65","20.46","20.0","17.99","17.92","18.66","17.89","17.98","17.57","15.76"
"82","2014","5","Karnataka","Kodagu","16.66","16.95","19.02","19.91","20.4","20.09","18.62","19.21","18.09","18.37","17.01","16.2"
"82","2015","5","Karnataka","Kodagu","16.66","16.95","19.02","19.91","20.4","20.09","18.62","19.21","18.09","18.37","18.0","17.29"
"549","2000","5","Karnataka","Bangalore(Rural)","15.42","17.35","18.25","21.08","20.4","19.48","18.73","19.32","19.34","18.45","16.66","14.38"
"549","2001","5","Karnataka","Bangalore(Rural)","15.27","17.75","19.1","20.1","21.39","19.71","19.38","19.18","19.1","18.39","17.38","14.98"
"549","2002","5","Karnataka","Bangalore(Rural)","15.32","16.12","19.39","21.84","21.25","19.97","20.09","19.57","20.2","19.25","17.26","15.76"
"549","2003","5","Karnataka","Bangalore(Rural)","15.68","17.81","19.33","21.88","23.16","21.36","19.7","19.41","19.85","19.02","17.43","15.61"
"549","2004","5","Karnataka","Bangalore(Rural)","15.32","16.57","19.51","21.6","18.86","19.55","19.3","19.52","18.79","18.53","16.8","15.46"
"549","2005","5","Karnataka","Bangalore(Rural)","16.04","17.14","19.43","20.64","21.87","20.21","19.23","19.39","18.9","18.23","15.86","15.01"
"549","2006","5","Karnataka","Bangalore(Rural)","14.91","15.63","18.48","21.58","21.01","20.1","19.84","19.76","19.49","19.28","17.26","15.03"
"549","2007","5","Karnataka","Bangalore(Rural)","15.11","16.29","19.5","21.3","21.39","19.95","19.63","18.97","18.87","19.03","16.76","15.27"
"549","2008","5","Karnataka","Bangalore(Rural)","15.1","16.66","16.89","21.03","21.0","19.94","19.68","19.03","18.74","18.43","17.08","15.48"
"549","2009","5","Karnataka","Bangalore(Rural)","14.87","17.28","18.97","21.72","21.25","20.21","19.6","20.0","18.98","19.63","17.86","16.05"
"549","2010","5","Karnataka","Bangalore(Rural)","15.67","17.31","20.02","22.08","21.9","20.52","19.03","19.38","19.27","19.13","17.21","14.98"
"549","2011","5","Karnataka","Bangalore(Rural)","14.67","15.58","18.78","20.29","20.94","20.02","19.36","19.19","19.7","19.28","16.73","15.16"
"549","2012","5","Karnataka","Bangalore(Rural)","15.04","16.87","19.77","21.32","21.37","20.86","20.03","19.54","19.79","19.09","17.73","16.39"
"549","2013","5","Karnataka","Bangalore(Rural)","16.16","16.98","19.57","22.3","21.78","19.56","18.66","19.42","18.69","19.34","17.78","15.43"
"549","2014","5","Karnataka","Bangalore(Rural)","17.96","16.63","18.86","22.29","21.46","21.31","19.77","19.61","19.46","19.21","17.15","16.05"
"549","2015","5","Karnataka","Bangalore(Rural)","17.96","16.63","18.86","22.29","21.46","21.31","19.77","19.61","19.46","19.21","16.8","16.52"
"550","2000","5","Karnataka","Bangalore(Urban)","15.57","17.49","18.41","21.16","20.38","19.38","18.62","19.28","19.34","18.55","16.89","14.56"
"550","2001","5","Karnataka","Bangalore(Urban)","15.47","17.86","19.21","20.15","21.25","19.52","19.27","19.14","19.09","18.54","17.48","15.16"
"550","2002","5","Karnataka","Bangalore(Urban)","15.51","16.26","19.47","21.86","21.18","19.86","20.01","19.56","20.18","19.29","17.52","16.0"
"550","2003","5","Karnataka","Bangalore(Urban)","15.89","17.94","19.46","21.86","23.04","21.07","19.55","19.37","19.83","19.0","17.48","15.83"
"550","2004","5","Karnataka","Bangalore(Urban)","15.51","16.72","19.7","21.67","18.75","19.39","19.2","19.56","18.72","18.49","16.84","15.6"
"550","2005","5","Karnataka","Bangalore(Urban)","16.13","17.18","19.57","20.54","21.56","20.01","19.16","19.42","18.89","18.39","16.07","15.18"
"550","2006","5","Karnataka","Bangalore(Urban)","15.1","15.76","18.7","21.66","20.76","19.94","19.76","19.81","19.49","19.28","17.43","15.18"
"550","2007","5","Karnataka","Bangalore(Urban)","15.29","16.45","19.6","21.26","21.33","19.81","19.47","18.93","18.98","19.14","17.0","15.43"
"550","2008","5","Karnataka","Bangalore(Urban)","15.29","16.83","17.14","21.08","20.83","19.78","19.47","19.05","18.79","18.44","17.23","15.63"
"550","2009","5","Karnataka","Bangalore(Urban)","15.05","17.37","19.16","21.73","21.16","20.03","19.44","20.06","19.03","19.63","18.09","16.25"
"550","2010","5","Karnataka","Bangalore(Urban)","15.97","17.4","20.2","22.09","21.83","20.26","18.84","19.37","19.3","19.14","17.43","15.21"
"550","2011","5","Karnataka","Bangalore(Urban)","14.97","15.73","18.98","20.35","20.81","19.88","19.3","19.18","19.7","19.25","16.9","15.28"
"550","2012","5","Karnataka","Bangalore(Urban)","15.14","16.97","19.98","21.43","21.12","20.68","19.92","19.52","19.84","18.98","17.99","16.64"
"550","2013","5","Karnataka","Bangalore(Urban)","16.36","17.17","19.76","22.35","21.59","19.44","18.66","19.52","18.78","19.41","17.93","15.69"
"550","2014","5","Karnataka","Bangalore(Urban)","18.18","16.78","19.08","22.38","21.41","21.17","19.73","19.63","19.46","19.2","17.3","16.38"
"550","2015","5","Karnataka","Bangalore(Urban)","18.18","16.78","19.08","22.38","21.41","21.17","19.73","19.63","19.46","19.2","17.02","16.67"
"1010","2000","5","Karnataka","Bagalkote","16.93","18.3","19.61","23.94","22.07","21.13","20.98","21.15","20.9","21.11","17.71","16.01"
"1010","2001","5","Karnataka","Bagalkote","16.77","19.4","20.79","23.42","22.99","21.94","21.61","20.97","21.08","20.11","19.39","16.36"
"1010","2002","5","Karnataka","Bagalkote","16.04","18.74","21.67","24.55","23.54","21.38","21.76","21.16","21.67","21.36","18.97","17.16"
"1010","2003","5","Karnataka","Bagalkote","17.42","20.04","21.72","23.76","24.66","23.42","22.25","22.03","21.61","21.92","19.62","16.62"
"1010","2004","5","Karnataka","Bagalkote","16.71","18.99","22.21","23.54","21.58","21.37","21.73","21.08","21.04","20.86","19.15","16.39"
"1010","2005","5","Karnataka","Bagalkote","17.31","19.02","20.98","23.09","23.97","22.81","21.13","21.23","20.62","20.59","17.58","16.09"
"1010","2006","5","Karnataka","Bagalkote","16.35","18.59","20.14","23.7","22.38","21.49","21.12","21.04","21.25","21.46","19.06","16.34"
"1010","2007","5","Karnataka","Bagalkote","16.92","17.98","21.47","23.59","23.29","22.02","21.87","21.32","20.52","21.4","18.26","17.26"
"1010","2008","5","Karnataka","Bagalkote","16.31","18.17","19.41","22.63","22.98","21.87","22.35","21.6","20.6","21.2","18.74","16.95"
"1010","2009","5","Karnataka","Bagalkote","16.72","19.62","20.92","24.05","23.69","22.43","21.2","21.73","20.85","20.45","18.74","16.89"
"1010","2010","5","Karnataka","Bagalkote","16.34","19.2","21.8","24.61","24.21","22.68","21.24","21.55","21.11","21.09","19.33","15.82"
"1010","2011","5","Karnataka","Bagalkote","15.75","17.41","20.92","22.47","23.26","21.56","21.43","21.17","21.22","21.2","19.01","17.08"
"1010","2012","5","Karnataka","Bagalkote","16.62","18.97","20.82","23.04","22.66","22.44","21.73","21.99","21.32","20.82","18.69","17.63"
"1010","2013","5","Karnataka","Bagalkote","17.8","19.02","21.26","23.62","23.89","21.16","20.59","21.38","20.6","20.96","18.18","15.74"
"1010","2014","5","Karnataka","Bagalkote","19.34","17.71","20.08","23.18","21.91","23.17","21.19","21.59","21.44","21.51","18.38","16.38"
"1010","2015","5","Karnataka","Bagalkote","19.34","17.71","20.08","23.18","21.91","23.17","21.19","21.59","21.44","21.51","20.49","18.77"
"1011","2000","5","Karnataka","Chamaraja Nagar","17.19","19.08","19.72","21.59","20.91","20.12","19.44","19.83","19.76","19.23","18.0","15.94"
"1011","2001","5","Karnataka","Chamaraja Nagar","17.32","19.11","20.32","20.68","21.17","19.61","19.71","19.3","19.66","19.36","18.41","16.58"
"1011","2002","5","Karnataka","Chamaraja Nagar","17.26","18.16","20.52","22.13","21.58","20.28","20.51","19.66","20.14","19.52","18.7","17.18"
"1011","2003","5","Karnataka","Chamaraja Nagar","17.64","19.43","20.46","21.93","22.52","21.02","20.3","20.15","20.13","19.36","18.47","17.23"
"1011","2004","5","Karnataka","Chamaraja Nagar","17.33","18.52","20.92","22.01","19.19","19.75","19.94","19.73","19.26","18.84","17.77","16.83"
"1011","2005","5","Karnataka","Chamaraja Nagar","17.52","18.68","20.47","20.91","21.69","20.48","19.91","19.95","19.3","19.12","17.4","16.62"
"1011","2006","5","Karnataka","Chamaraja Nagar","16.89","17.62","19.74","21.74","20.66","20.24","20.18","20.12","19.59","19.63","18.45","16.49"
"1011","2007","5","Karnataka","Chamaraja Nagar","16.99","18.19","20.58","21.64","21.61","20.48","19.99","19.6","19.48","19.41","18.14","16.68"
"1011","2008","5","Karnataka","Chamaraja Nagar","16.78","18.59","18.58","21.36","21.08","20.15","20.12","19.77","19.47","19.18","18.41","17.0"
"1011","2009","5","Karnataka","Chamaraja Nagar","16.88","18.93","20.16","21.93","21.51","20.65","19.74","20.56","19.68","19.84","18.98","17.71"
"1011","2010","5","Karnataka","Chamaraja Nagar","17.78","19.02","21.28","22.53","22.09","20.61","19.58","19.81","19.76","19.35","18.37","16.46"
"1011","2011","5","Karnataka","Chamaraja Nagar","16.96","17.57","20.25","20.82","21.24","20.07","19.95","19.68","19.52","19.67","18.17","16.71"
"1011","2012","5","Karnataka","Chamaraja Nagar","16.8","18.72","21.0","21.8","21.31","20.64","20.46","19.89","19.94","19.38","19.08","18.2"
"1011","2013","5","Karnataka","Chamaraja Nagar","18.19","18.96","20.81","22.76","21.82","19.54","19.43","20.0","19.39","19.82","18.98","17.13"
"1011","2014","5","Karnataka","Chamaraja Nagar","19.32","18.53","20.57","22.71","21.75","21.54","20.23","20.04","19.73","19.52","18.31","17.68"
"1011","2015","5","Karnataka","Chamaraja Nagar","19.32","18.53","20.57","22.71","21.75","21.54","20.23","20.04","19.73","19.52","18.47","18.0"
"1012","2000","5","Karnataka","Davanagere","16.94","18.5","19.28","22.25","21.06","20.35","19.96","20.28","20.18","20.0","17.63","15.35"
"1012","2001","5","Karnataka","Davanagere","16.73","18.9","20.32","21.78","21.91","20.53","20.36","19.91","20.03","19.37","18.8","16.24"
"1012","2002","5","Karnataka","Davanagere","16.49","18.2","20.95","22.73","22.16","20.81","20.98","20.09","20.3","20.46","18.58","16.66"
"1012","2003","5","Karnataka","Davanagere","17.41","19.67","21.11","22.28","23.38","22.14","21.81","21.19","20.34","20.27","19.1","16.61"
"1012","2004","5","Karnataka","Davanagere","16.82","18.7","21.08","22.07","20.55","20.34","20.56","19.79","19.82","19.94","18.66","16.52"
"1012","2005","5","Karnataka","Davanagere","17.5","18.86","20.6","22.02","22.93","21.43","20.48","20.11","19.35","19.56","17.21","16.11"
"1012","2006","5","Karnataka","Davanagere","16.7","17.89","19.28","22.29","22.07","20.8","20.26","20.28","20.26","20.45","18.63","16.1"
"1012","2007","5","Karnataka","Davanagere","16.82","17.79","20.85","22.52","22.15","21.46","20.86","20.35","19.3","19.79","17.61","16.61"
"1012","2008","5","Karnataka","Davanagere","16.34","18.13","18.75","21.57","21.68","20.56","21.3","20.51","19.6","20.12","18.25","16.56"
"1012","2009","5","Karnataka","Davanagere","16.57","19.07","20.18","22.38","21.99","21.17","20.29","21.05","19.83","19.79","18.65","16.95"
"1012","2010","5","Karnataka","Davanagere","16.58","18.98","21.01","22.75","22.4","21.49","20.52","20.62","20.05","19.89","18.44","15.59"
"1012","2011","5","Karnataka","Davanagere","15.78","17.07","20.21","21.33","22.0","20.52","20.54","20.5","19.86","20.55","18.43","16.72"
"1012","2012","5","Karnataka","Davanagere","16.76","18.97","20.57","21.72","22.2","21.34","20.95","20.65","19.95","20.11","17.99","17.26"
"1012","2013","5","Karnataka","Davanagere","17.69","18.83","20.82","22.71","22.65","20.13","19.82","20.35","19.56","19.86","18.36","15.94"
"1012","2014","5","Karnataka","Davanagere","18.43","18.05","20.39","22.53","21.84","21.9","20.32","20.64","20.0","20.15","17.82","16.44"
"1012","2015","5","Karnataka","Davanagere","18.43","18.05","20.39","22.53","21.84","21.9","20.32","20.64","20.0","20.15","19.12","18.21"
"1013","2000","5","Karnataka","Gadag","17.19","18.75","19.96","23.25","21.41","20.53","20.54","20.49","20.6","20.63","17.92","16.11"
"1013","2001","5","Karnataka","Gadag","17.06","19.62","21.05","22.81","22.33","21.07","21.05","20.26","20.63","19.85","19.52","16.74"
"1013","2002","5","Karnataka","Gadag","16.53","18.96","21.83","23.71","22.71","20.93","21.44","20.4","20.97","21.04","19.14","17.29"
"1013","2003","5","Karnataka","Gadag","17.7","20.25","22.01","23.18","23.92","22.42","22.14","21.41","20.97","21.19","19.78","17.03"
"1013","2004","5","Karnataka","Gadag","16.98","19.32","22.2","22.96","21.1","20.64","21.23","20.25","20.49","20.54","19.29","16.86"
"1013","2005","5","Karnataka","Gadag","17.71","19.4","21.39","22.68","23.29","21.86","20.93","20.46","20.0","20.23","17.71","16.43"
"1013","2006","5","Karnataka","Gadag","16.82","18.73","20.3","23.07","22.14","20.92","20.75","20.38","20.72","20.98","19.16","16.52"
"1013","2007","5","Karnataka","Gadag","17.13","18.28","21.64","23.19","22.47","21.65","21.41","20.6","19.99","20.63","18.26","17.3"
"1013","2008","5","Karnataka","Gadag","16.53","18.51","19.65","22.12","22.19","20.94","21.86","20.86","20.17","20.84","18.81","17.21"
"1013","2009","5","Karnataka","Gadag","16.95","19.77","21.16","23.27","22.59","21.53","20.81","21.18","20.42","20.12","18.91","17.16"
"1013","2010","5","Karnataka","Gadag","16.6","19.44","21.9","23.85","23.04","21.86","20.94","20.89","20.6","20.58","19.15","15.94"
"1013","2011","5","Karnataka","Gadag","15.88","17.59","21.08","21.98","22.52","20.77","21.04","20.63","20.55","20.99","19.13","17.3"
"1013","2012","5","Karnataka","Gadag","16.9","19.41","21.16","22.48","22.4","21.68","21.38","21.12","20.61","20.57","18.61","17.8"
"1013","2013","5","Karnataka","Gadag","17.96","19.38","21.66","23.24","23.12","20.41","20.27","20.64","20.14","20.4","18.48","16.14"
"1013","2014","5","Karnataka","Gadag","19.05","18.26","20.77","22.96","21.73","22.29","20.83","20.86","20.68","20.85","18.25","16.7"
"1013","2015","5","Karnataka","Gadag","19.05","18.26","20.77","22.96","21.73","22.29","20.83","20.86","20.68","20.85","20.25","18.92"
"1014","2000","5","Karnataka","Haveri","16.88","18.3","19.37","22.48","21.19","20.53","20.2","20.38","20.25","20.16","17.72","15.56"
"1014","2001","5","Karnataka","Haveri","16.82","18.81","20.24","21.86","21.86","20.69","20.46","20.06","20.18","19.46","19.05","16.46"
"1014","2002","5","Karnataka","Haveri","16.2","18.53","21.08","22.45","22.33","20.97","21.03","20.18","20.13","20.42","18.71","16.67"
"1014","2003","5","Karnataka","Haveri","17.37","19.55","21.37","22.27","23.36","22.05","21.78","21.17","20.2","20.19","19.41","16.73"
"1014","2004","5","Karnataka","Haveri","16.6","18.87","21.33","22.28","21.11","20.63","20.68","19.97","19.91","20.04","18.89","16.59"
"1014","2005","5","Karnataka","Haveri","17.32","18.87","20.74","22.0","22.93","21.67","20.84","20.31","19.52","19.64","17.43","15.97"
"1014","2006","5","Karnataka","Haveri","16.73","18.24","19.64","22.26","22.11","20.98","20.48","20.27","20.23","20.28","18.72","16.06"
"1014","2007","5","Karnataka","Haveri","16.8","17.83","20.84","22.59","22.17","21.72","21.03","20.45","19.52","19.76","17.77","16.64"
"1014","2008","5","Karnataka","Haveri","16.11","17.96","19.27","21.44","21.7","20.65","21.23","20.55","19.77","20.25","18.35","16.73"
"1014","2009","5","Karnataka","Haveri","16.64","19.06","20.41","22.25","22.06","21.24","20.48","21.13","20.11","19.72","18.59","16.77"
"1014","2010","5","Karnataka","Haveri","16.25","18.75","21.09","22.77","22.65","21.61","20.63","20.77","20.07","19.85","18.53","15.31"
"1014","2011","5","Karnataka","Haveri","15.48","17.08","20.49","21.31","22.1","20.62","20.73","20.58","19.77","20.58","18.76","16.83"
"1014","2012","5","Karnataka","Haveri","16.45","19.01","20.59","21.81","22.37","21.39","21.02","20.68","19.84","20.09","18.21","17.28"
"1014","2013","5","Karnataka","Haveri","17.49","18.95","21.06","22.58","22.69","20.23","20.02","20.32","19.79","19.73","18.27","15.89"
"1014","2014","5","Karnataka","Haveri","17.99","17.96","20.62","22.43","22.05","22.1","20.62","20.79","19.95","20.05","17.68","16.23"
"1014","2015","5","Karnataka","Haveri","17.99","17.96","20.62","22.43","22.05","22.1","20.62","20.79","19.95","20.05","19.55","18.3"
"1015","2000","5","Karnataka","Koppal","17.54","19.17","20.19","23.68","21.98","20.95","20.81","20.85","20.8","20.74","18.14","16.41"
"1015","2001","5","Karnataka","Koppal","17.3","20.09","21.67","23.34","23.08","21.74","21.64","20.59","20.86","19.95","19.8","16.9"
"1015","2002","5","Karnataka","Koppal","17.13","19.02","22.11","24.64","23.09","21.32","21.82","20.87","21.6","21.36","19.39","17.65"
"1015","2003","5","Karnataka","Koppal","18.06","20.65","22.16","23.99","24.67","23.24","22.39","21.82","21.49","21.74","19.91","17.17"
"1015","2004","5","Karnataka","Koppal","17.48","19.5","22.45","23.33","21.04","21.17","21.61","20.87","20.84","20.83","19.51","17.13"
"1015","2005","5","Karnataka","Koppal","18.22","19.76","21.67","23.12","23.69","22.42","21.02","20.82","20.27","20.46","17.92","16.8"
"1015","2006","5","Karnataka","Koppal","17.08","18.84","20.43","23.63","22.49","21.42","21.19","21.0","21.04","21.32","19.43","16.83"
"1015","2007","5","Karnataka","Koppal","17.44","18.57","22.05","23.5","22.97","21.93","21.73","20.91","20.12","20.99","18.55","17.65"
"1015","2008","5","Karnataka","Koppal","17.07","18.93","19.45","22.7","22.88","21.67","22.51","21.32","20.37","21.14","19.11","17.47"
"1015","2009","5","Karnataka","Koppal","17.26","20.21","21.37","23.95","23.12","22.22","21.34","21.64","20.48","20.38","19.27","17.49"
"1015","2010","5","Karnataka","Koppal","17.07","19.86","22.21","24.56","23.47","22.45","21.09","21.18","20.82","21.01","19.44","16.4"
"1015","2011","5","Karnataka","Koppal","16.35","17.96","21.18","22.44","23.12","21.45","21.37","21.02","21.14","21.32","19.37","17.57"
"1015","2012","5","Karnataka","Koppal","17.51","19.65","21.48","22.85","22.8","22.35","21.75","21.72","21.16","20.8","18.69","18.1"
"1015","2013","5","Karnataka","Koppal","18.49","19.59","21.91","23.83","23.77","21.0","20.58","21.12","20.26","20.82","18.7","16.33"
"1015","2014","5","Karnataka","Koppal","20.04","18.58","20.64","23.48","21.82","22.95","21.12","21.27","21.13","21.42","18.72","17.15"
"1015","2015","5","Karnataka","Koppal","20.04","18.58","20.64","23.48","21.82","22.95","21.12","21.27","21.13","21.42","20.49","19.23"
"1016","2000","5","Karnataka","Udupi","20.02","20.94","21.77","24.81","24.08","22.96","22.25","23.0","22.93","22.77","20.94","19.0"
"1016","2001","5","Karnataka","Udupi","19.88","20.49","22.3","24.06","24.3","22.52","22.17","22.23","22.7","22.12","21.36","19.75"
"1016","2002","5","Karnataka","Udupi","19.04","20.9","22.84","24.01","24.74","22.95","22.56","22.59","22.27","22.63","21.23","19.39"
"1016","2003","5","Karnataka","Udupi","20.09","21.29","23.13","24.69","25.25","24.0","23.17","23.36","22.46","22.32","21.88","19.68"
"1016","2004","5","Karnataka","Udupi","19.42","21.12","22.99","24.83","23.77","23.04","22.21","22.47","22.42","22.74","21.45","19.8"
"1016","2005","5","Karnataka","Udupi","19.83","20.99","22.46","24.45","25.14","23.99","22.91","22.88","22.32","22.18","20.8","19.01"
"1016","2006","5","Karnataka","Udupi","20.0","20.78","21.9","24.45","24.47","23.26","22.8","22.96","22.75","22.35","21.34","19.33"
"1016","2007","5","Karnataka","Udupi","19.7","20.49","22.57","24.96","25.05","23.64","22.8","22.79","22.24","22.04","20.71","19.49"
"1016","2008","5","Karnataka","Udupi","19.12","20.21","21.69","23.94","24.06","22.83","22.59","22.67","22.64","22.84","21.0","19.69"
"1016","2009","5","Karnataka","Udupi","19.6","21.03","22.11","24.18","24.51","23.28","22.68","23.55","22.95","22.55","21.62","20.04"
"1016","2010","5","Karnataka","Udupi","19.34","20.69","22.81","24.79","25.86","23.47","22.38","22.98","22.64","22.34","21.23","18.75"
"1016","2011","5","Karnataka","Udupi","18.92","20.0","22.73","24.01","24.58","22.98","22.58","22.81","22.06","23.13","21.61","19.79"
"1016","2012","5","Karnataka","Udupi","19.25","21.32","22.57","24.32","24.93","22.91","22.66","22.62","22.3","22.68","20.89","20.17"
"1016","2013","5","Karnataka","Udupi","20.17","21.37","22.98","25.03","25.14","22.38","22.09","22.5","22.62","22.2","21.09","19.21"
"1016","2014","5","Karnataka","Udupi","20.09","20.62","22.96","24.84","25.49","24.31","22.86","23.39","22.61","22.7","20.56","19.49"
"1016","2015","5","Karnataka","Udupi","20.09","20.62","22.96","24.84","25.49","24.31","22.86","23.39","22.61","22.7","22.04","20.9"
"2004","2000","5","Karnataka","Ramanagaram","16.86","18.73","19.38","21.86","21.07","20.1","19.4","19.92","19.94","19.27","17.82","15.64"
"2004","2001","5","Karnataka","Ramanagaram","16.91","19.04","20.07","20.88","21.74","20.05","19.91","19.61","19.68","19.27","18.34","16.26"
"2004","2002","5","Karnataka","Ramanagaram","16.88","17.63","20.39","22.48","21.89","20.53","20.72","20.03","20.56","19.85","18.51","17.09"
"2004","2003","5","Karnataka","Ramanagaram","17.31","19.25","20.38","22.41","23.5","21.59","20.41","20.13","20.26","19.52","18.28","16.93"
"2004","2004","5","Karnataka","Ramanagaram","16.9","18.11","20.71","22.26","19.5","20.0","20.0","20.01","19.31","19.03","17.68","16.61"
"2004","2005","5","Karnataka","Ramanagaram","17.36","18.41","20.46","21.14","22.11","20.63","19.94","20.02","19.44","19.1","17.07","16.32"
"2004","2006","5","Karnataka","Ramanagaram","16.52","17.13","19.64","22.27","21.25","20.57","20.36","20.36","20.03","19.86","18.33","16.21"
"2004","2007","5","Karnataka","Ramanagaram","16.66","17.79","20.54","21.92","22.01","20.61","20.18","19.62","19.6","19.69","17.92","16.5"
"2004","2008","5","Karnataka","Ramanagaram","16.61","18.2","18.23","21.76","21.37","20.31","20.19","19.76","19.44","19.08","18.09","16.72"
"2004","2009","5","Karnataka","Ramanagaram","16.43","18.66","20.08","22.31","21.86","20.73","19.97","20.73","19.65","20.02","18.99","17.41"
"2004","2010","5","Karnataka","Ramanagaram","17.43","18.69","21.14","22.67","22.5","20.85","19.58","20.05","19.93","19.64","18.34","16.28"
"2004","2011","5","Karnataka","Ramanagaram","16.44","17.05","20.0","21.03","21.38","20.4","20.04","19.8","20.03","19.81","17.86","16.4"
"2004","2012","5","Karnataka","Ramanagaram","16.5","18.34","20.94","22.09","21.62","21.15","20.63","20.08","20.31","19.46","18.9","17.81"
"2004","2013","5","Karnataka","Ramanagaram","17.78","18.56","20.72","23.03","22.15","19.96","19.45","20.16","19.46","19.98","18.8","16.8"
"2004","2014","5","Karnataka","Ramanagaram","19.32","18.15","20.19","23.04","22.12","21.77","20.39","20.25","19.91","19.69","18.11","17.51"
"2004","2015","5","Karnataka","Ramanagaram","19.32","18.15","20.19","23.04","22.12","21.77","20.39","20.25","19.91","19.69","18.09","17.79"
"2005","2000","5","Karnataka","Chikkaballapur","16.03","17.89","18.59","21.68","21.49","20.5","19.69","20.2","20.19","19.18","17.17","14.93"
"2005","2001","5","Karnataka","Chikkaballapur","15.76","18.32","19.56","20.59","22.6","20.86","20.44","20.19","20.0","19.07","18.01","15.51"
"2005","2002","5","Karnataka","Chikkaballapur","15.86","16.57","19.76","22.42","22.3","21.0","21.07","20.52","21.22","20.03","17.63","16.18"
"2005","2003","5","Karnataka","Chikkaballapur","16.14","18.22","19.65","22.53","24.36","22.58","20.53","20.31","20.92","19.98","18.18","16.12"
"2005","2004","5","Karnataka","Chikkaballapur","15.82","16.98","19.76","22.23","19.87","20.72","20.2","20.54","19.73","19.46","17.46","16.06"
"2005","2005","5","Karnataka","Chikkaballapur","16.73","17.77","19.82","21.36","23.16","21.39","20.14","20.29","19.83","18.89","16.3","15.49"
"2005","2006","5","Karnataka","Chikkaballapur","15.41","16.08","18.79","22.12","22.31","21.14","20.93","20.68","20.36","20.16","17.77","15.62"
"2005","2007","5","Karnataka","Chikkaballapur","15.64","16.74","19.81","21.89","22.49","20.8","20.65","19.86","19.64","19.83","17.23","15.78"
"2005","2008","5","Karnataka","Chikkaballapur","15.63","17.08","17.06","21.54","22.3","21.17","20.73","19.8","19.58","19.26","17.68","16.02"
"2005","2009","5","Karnataka","Chikkaballapur","15.4","17.8","19.28","22.35","22.32","21.3","20.79","20.8","19.85","20.71","18.36","16.48"
"2005","2010","5","Karnataka","Chikkaballapur","16.06","17.8","20.34","22.8","22.92","21.67","19.98","20.15","20.04","20.06","17.73","15.42"
"2005","2011","5","Karnataka","Chikkaballapur","15.07","16.07","19.01","20.81","22.17","21.19","20.32","20.03","20.8","20.19","17.27","15.73"
"2005","2012","5","Karnataka","Chikkaballapur","15.62","17.29","20.03","21.8","22.79","22.07","20.99","20.47","20.75","20.13","18.25","16.78"
"2005","2013","5","Karnataka","Chikkaballapur","16.65","17.38","19.79","22.84","23.01","20.68","19.47","20.2","19.4","20.2","18.39","15.91"
"2005","2014","5","Karnataka","Chikkaballapur","18.73","17.01","19.02","22.76","22.47","22.42","20.75","20.48","20.43","20.14","17.78","16.42"
"2005","2015","5","Karnataka","Chikkaballapur","18.73","17.01","19.02","22.76","22.47","22.42","20.75","20.48","20.43","20.14","17.2","16.99"
"2025","2000","5","Karnataka","Yadagiri","17.69","19.6","21.07","25.38","24.46","22.58","21.87","21.87","21.81","21.96","18.5","16.46"
"2025","2001","5","Karnataka","Yadagiri","17.51","20.39","22.66","24.54","26.14","23.84","23.25","21.71","22.49","21.03","20.34","16.97"
"2025","2002","5","Karnataka","Yadagiri","17.23","19.72","23.16","26.38","25.4","22.78","22.96","22.05","23.36","22.39","19.64","17.85"
"2025","2003","5","Karnataka","Yadagiri","18.25","21.08","22.93","25.71","27.78","25.73","22.59","22.19","22.55","22.63","20.07","16.99"
"2025","2004","5","Karnataka","Yadagiri","17.6","19.78","23.62","24.74","23.35","23.49","22.6","22.56","22.49","21.82","19.89","17.07"
"2025","2005","5","Karnataka","Yadagiri","18.17","20.17","22.58","24.49","26.28","24.9","22.07","21.63","21.7","21.34","18.18","16.57"
"2025","2006","5","Karnataka","Yadagiri","17.12","19.49","21.25","25.24","24.44","23.46","22.7","22.4","22.4","22.25","19.71","16.99"
"2025","2007","5","Karnataka","Yadagiri","17.66","19.06","22.99","24.7","25.83","23.16","23.0","21.98","21.26","21.85","18.79","17.81"
"2025","2008","5","Karnataka","Yadagiri","17.29","19.33","20.39","24.36","25.92","24.23","23.88","22.08","21.52","22.0","19.56","17.57"
"2025","2009","5","Karnataka","Yadagiri","17.65","20.87","22.23","25.73","26.22","24.34","23.09","23.16","22.1","21.46","19.77","17.46"
"2025","2010","5","Karnataka","Yadagiri","17.35","20.24","23.43","26.32","26.52","24.35","21.65","22.17","21.68","21.81","19.89","16.28"
"2025","2011","5","Karnataka","Yadagiri","16.46","18.73","22.24","23.83","25.73","23.97","23.14","22.2","22.71","22.72","20.02","17.68"
"2025","2012","5","Karnataka","Yadagiri","17.83","20.03","22.52","24.52","25.7","24.95","23.02","22.74","22.6","21.48","19.33","18.22"
"2025","2013","5","Karnataka","Yadagiri","18.8","19.85","22.88","25.2","26.66","22.75","21.61","22.02","21.84","21.87","18.8","16.15"
"2025","2014","5","Karnataka","Yadagiri","20.77","18.8","21.0","24.68","24.07","25.64","22.69","22.82","22.49","22.91","19.37","17.09"
"2025","2015","5","Karnataka","Yadagiri","20.77","18.8","21.0","24.68","24.07","25.64","22.69","22.82","22.49","22.91","21.27","19.33"